image_id,PredictionString
CCTV01^20260318-110000-20260318-120000_000061,10 0.9202 0.773188 0.728431 0.158182 0.335621 3 0.8806 0.524250 0.875580 0.066226 0.192295 3 0.8172 0.422222 0.504362 0.050711 0.067127 10 0.7973 0.411459 0.389270 0.107384 0.123499 0 0.7917 0.783828 0.931491 0.049156 0.110241 2 0.7648 0.194039 0.729938 0.052862 0.103303 0 0.7482 0.303783 0.942900 0.048444 0.104437 4 0.7102 0.961362 0.630996 0.069818 0.125669 0 0.6694 0.317310 0.476895 0.027683 0.058104 0 0.6438 0.142159 0.854036 0.058505 0.097349 0 0.6102 0.812756 0.449282 0.024454 0.059866 0 0.5883 0.789997 0.479010 0.026484 0.066142 3 0.5805 0.642505 0.438763 0.038851 0.073805 0 0.5687 0.864810 0.541569 0.026020 0.068433 3 0.5535 0.515634 0.383646 0.030901 0.052201 1 0.5331 0.884171 0.705244 0.034487 0.089974 10 0.5159 0.192398 0.617950 0.163739 0.244501 0 0.4633 0.928655 0.661077 0.043810 0.093397 4 0.1287 0.940494 0.516267 0.050665 0.096695 2 0.1206 0.284348 0.428057 0.024052 0.053574 1 0.1059 0.697270 0.453756 0.020416 0.054168
CCTV01^20260318-110000-20260318-120000_000065,3 0.8787 0.525712 0.877535 0.069962 0.197521 3 0.8674 0.731908 0.625449 0.066339 0.107016 2 0.8065 0.244033 0.681655 0.044413 0.099172 10 0.7854 0.258525 0.495302 0.147551 0.178794 0 0.7797 0.314336 0.806045 0.038243 0.110002 10 0.6991 0.700347 0.440743 0.068299 0.175833 10 0.6907 0.383133 0.440979 0.117204 0.152643 4 0.6412 0.962734 0.630419 0.071720 0.124378 1 0.6316 0.220464 0.805750 0.035992 0.093476 1 0.6222 0.389912 0.550307 0.027902 0.055642 0 0.5878 0.295326 0.533752 0.028529 0.073337 2 0.5010 0.467836 0.450152 0.029327 0.058046 10 0.4781 0.493364 0.335617 0.071940 0.104285 0 0.4262 0.940850 0.673342 0.048915 0.097946 0 0.2549 0.897826 0.560484 0.042909 0.093218 0 0.2338 0.897137 0.901673 0.008599 0.015248 3 0.2287 0.644136 0.418842 0.037510 0.084037 4 0.2079 0.098992 0.693206 0.087632 0.085626 0 0.1929 0.138756 0.637415 0.032272 0.062597 4 0.1854 0.940615 0.517281 0.051803 0.091141 3 0.1676 0.098886 0.693439 0.087205 0.084602 2 0.1373 0.897037 0.900877 0.008350 0.015708
CCTV01^20260318-110000-20260318-120000_000069,10 0.9007 0.811152 0.790291 0.157881 0.396610 3 0.8706 0.525540 0.878009 0.069695 0.197926 3 0.8024 0.705796 0.662680 0.052627 0.126041 10 0.6907 0.189829 0.644174 0.179091 0.282479 1 0.6665 0.294908 0.660019 0.030732 0.075901 10 0.6511 0.345522 0.430075 0.116353 0.142375 8 0.6401 0.206168 0.761512 0.128900 0.157842 4 0.5978 0.970337 0.656223 0.059206 0.126013 2 0.5801 0.339834 0.504258 0.039792 0.072721 2 0.5708 0.298213 0.605743 0.038876 0.079450 0 0.5679 0.898112 0.688083 0.045236 0.100995 5 0.5674 0.354796 0.612292 0.076565 0.109765 0 0.5489 0.404820 0.466858 0.025867 0.068950 9 0.5374 0.202447 0.765623 0.121038 0.163143 9 0.5324 0.700943 0.431201 0.050579 0.088788 4 0.5021 0.939822 0.510780 0.050331 0.105735 1 0.4162 0.484819 0.427065 0.029426 0.044714 7 0.3678 0.206273 0.762913 0.127668 0.154679 0 0.3418 0.864333 0.547276 0.029835 0.063834 0 0.2702 0.927816 0.663350 0.040332 0.102814 4 0.2345 0.205815 0.762281 0.127259 0.153303 0 0.2244 0.303354 0.512187 0.032510 0.058728 10 0.2011 0.453827 0.376610 0.086058 0.116944 3 0.1692 0.351404 0.610527 0.072052 0.109398
CCTV01^20260318-110000-20260318-120000_000073,3 0.8750 0.525033 0.875099 0.067656 0.194754 3 0.8410 0.258816 0.696800 0.073467 0.121863 6 0.7784 0.871109 0.599528 0.120066 0.265160 10 0.7735 0.104998 0.715428 0.209071 0.312441 10 0.7447 0.871044 0.598822 0.127981 0.274365 0 0.7291 0.320475 0.788021 0.040455 0.081371 10 0.5873 0.374672 0.521510 0.131422 0.190532 1 0.5789 0.201839 0.724093 0.031874 0.076908 10 0.4961 0.240797 0.872375 0.127140 0.255250 4 0.4733 0.698397 0.440941 0.036165 0.066114 1 0.3953 0.665138 0.447682 0.020218 0.055655 1 0.3892 0.134628 0.792682 0.045903 0.078303 4 0.3790 0.939462 0.513835 0.049012 0.098946 6 0.3663 0.238515 0.870866 0.131536 0.251767 1 0.3503 0.775991 0.658290 0.031183 0.077349 2 0.3451 0.804838 0.487914 0.029929 0.060636 10 0.2170 0.851540 0.884696 0.160530 0.230607 9 0.1774 0.374622 0.522994 0.135548 0.192584
CCTV01^20260318-110000-20260318-120000_000077,9 0.9219 0.828743 0.730021 0.114462 0.195925 3 0.8816 0.525320 0.877716 0.068939 0.198218 3 0.8331 0.696791 0.530488 0.044823 0.075457 4 0.7945 0.924819 0.731880 0.084144 0.152147 6 0.7113 0.442326 0.449831 0.085727 0.108075 5 0.7006 0.757496 0.615289 0.052501 0.129919 10 0.6863 0.237059 0.614330 0.216999 0.241592 3 0.6639 0.756844 0.610919 0.054739 0.127635 7 0.6490 0.828196 0.722915 0.116439 0.211237 1 0.6047 0.904852 0.839612 0.038238 0.111584 2 0.5866 0.986043 0.870199 0.027914 0.110538 12 0.5339 0.303088 0.710864 0.041632 0.099310 9 0.5285 0.237530 0.621068 0.222854 0.244842 2 0.5143 0.982669 0.775375 0.034247 0.108233 2 0.4584 0.976698 0.669626 0.046515 0.084244 0 0.4289 0.319984 0.801210 0.048868 0.123135 7 0.3165 0.923782 0.729088 0.084254 0.141531 0 0.2555 0.826003 0.724598 0.116399 0.203785 0 0.1646 0.302778 0.711745 0.043107 0.101616 4 0.1636 0.940533 0.514030 0.050340 0.099028 1 0.1566 0.890010 0.960285 0.037516 0.075602 10 0.1471 0.123812 0.820336 0.231129 0.359328
CCTV01^20260318-110000-20260318-120000_000081,12 0.8744 0.349370 0.928192 0.076798 0.135753 3 0.8677 0.769585 0.879005 0.071858 0.167323 3 0.8621 0.525714 0.878818 0.070440 0.199150 12 0.8510 0.817151 0.721282 0.064842 0.185743 3 0.7949 0.305679 0.746727 0.064278 0.113529 0 0.7861 0.919359 0.736570 0.042273 0.110871 0 0.6950 0.279056 0.923634 0.053116 0.112477 2 0.6791 0.363044 0.571244 0.046441 0.096810 3 0.5789 0.102982 0.893518 0.099546 0.165622 9 0.4972 0.398006 0.464718 0.128894 0.156758 1 0.4895 0.743748 0.680702 0.027281 0.082379 3 0.4781 0.847188 0.641405 0.051202 0.120442 0 0.4208 0.903711 0.547317 0.034310 0.076197 10 0.4180 0.224653 0.682137 0.179692 0.329317 4 0.3995 0.045435 0.708923 0.075979 0.123769 3 0.3134 0.170332 0.957786 0.074542 0.075437 7 0.2455 0.815599 0.717794 0.066289 0.183473 2 0.2236 0.045739 0.709260 0.073417 0.123080 9 0.2193 0.223604 0.679205 0.179068 0.323449 0 0.1850 0.869502 0.518563 0.022859 0.067187 10 0.1808 0.486012 0.431393 0.094779 0.141832 10 0.1180 0.220179 0.433691 0.121740 0.152499 10 0.1083 0.399703 0.461693 0.132916 0.156750
CCTV01^20260318-110000-20260318-120000_000085,12 0.9570 0.299486 0.810879 0.089080 0.133774 3 0.8883 0.524995 0.875718 0.066762 0.191550 1 0.7789 0.842877 0.785123 0.032644 0.091080 0 0.7771 0.787521 0.656595 0.040249 0.099619 0 0.7518 0.261057 0.890553 0.057958 0.088897 2 0.7004 0.093644 0.802410 0.054102 0.114677 3 0.6654 0.832615 0.931825 0.069538 0.128220 2 0.6641 0.696261 0.475204 0.029776 0.064332 10 0.6372 0.369547 0.477848 0.140602 0.155779 10 0.6259 0.240809 0.654924 0.170470 0.305909 3 0.5292 0.178930 0.936711 0.078190 0.126579 0 0.5237 0.014968 0.665970 0.029754 0.073653 0 0.5105 0.839500 0.493110 0.029175 0.072222 3 0.4723 0.101582 0.928300 0.094516 0.141633 10 0.4345 0.490390 0.427318 0.085123 0.145824 4 0.4342 0.943390 0.518688 0.041488 0.085849 1 0.3316 0.206826 0.570337 0.028028 0.059092 0 0.3129 0.346323 0.910902 0.064348 0.109879 2 0.2609 0.017666 0.860381 0.035332 0.126053 10 0.1886 0.243222 0.416992 0.126547 0.130280 0 0.1602 0.005385 0.729824 0.010663 0.074883 0 0.1189 0.750759 0.451058 0.029168 0.064334
CCTV01^20260318-110000-20260318-120000_000089,12 0.9542 0.295734 0.789974 0.083361 0.101010 3 0.8818 0.525604 0.877295 0.069027 0.198139 2 0.8575 0.875414 0.910089 0.068189 0.179729 10 0.8542 0.284606 0.595924 0.160093 0.264237 1 0.8014 0.982603 0.664979 0.034473 0.075319 3 0.7839 0.207455 0.833566 0.072163 0.129221 3 0.7794 0.499412 0.438917 0.037721 0.050786 0 0.7595 0.141177 0.825363 0.033367 0.092341 1 0.6998 0.167714 0.780723 0.033811 0.080055 3 0.6592 0.455632 0.474344 0.062603 0.062446 0 0.6488 0.075898 0.842392 0.059607 0.111028 0 0.6240 0.319898 0.953892 0.054064 0.085317 2 0.5891 0.807111 0.470730 0.028117 0.074726 10 0.5834 0.449089 0.404601 0.087722 0.123105 2 0.4996 0.036425 0.728372 0.052465 0.092990 10 0.3241 0.240953 0.546493 0.154214 0.196432 0 0.3223 0.751745 0.457076 0.026601 0.058634 0 0.3130 0.889078 0.545208 0.029718 0.068317 1 0.2982 0.725989 0.543084 0.028929 0.070375 0 0.2586 0.853837 0.548792 0.025910 0.067963 0 0.2215 0.302059 0.872961 0.068919 0.099588 12 0.2086 0.076708 0.842237 0.059868 0.109784 3 0.1997 0.148685 0.707264 0.083196 0.096676 0 0.1969 0.874987 0.910389 0.063916 0.179221 2 0.1762 0.395300 0.432064 0.024918 0.054342 3 0.1680 0.237693 0.943106 0.117804 0.113788 5 0.1652 0.238655 0.945583 0.111431 0.108835 1 0.1643 0.140785 0.823457 0.033546 0.088524 1 0.1518 0.874611 0.910386 0.063861 0.179227 0 0.1356 0.771518 0.438023 0.019854 0.050439
CCTV01^20260318-110000-20260318-120000_000126,3 0.9024 0.524470 0.876114 0.066773 0.191329 3 0.8990 0.209561 0.855490 0.086176 0.146158 10 0.8765 0.354419 0.446189 0.120723 0.147426 2 0.8714 0.849833 0.481459 0.042026 0.082152 3 0.8652 0.299789 0.612595 0.090154 0.101207 2 0.8426 0.936281 0.862873 0.061887 0.126230 1 0.8421 0.958183 0.792497 0.039201 0.103008 1 0.8420 0.152302 0.802731 0.029741 0.085327 0 0.8341 0.762371 0.926671 0.041103 0.122087 0 0.8325 0.222716 0.686973 0.030299 0.090423 0 0.8256 0.307896 0.894181 0.041564 0.104964 0 0.8156 0.275114 0.505679 0.029376 0.066312 1 0.8027 0.168967 0.713213 0.019306 0.066366 2 0.8019 0.300039 0.649184 0.034698 0.089712 0 0.7941 0.796693 0.546079 0.025019 0.074200 1 0.7899 0.942070 0.685808 0.023743 0.070210 2 0.7722 0.317107 0.532964 0.037378 0.079516 1 0.7692 0.191819 0.732642 0.026442 0.077236 3 0.7505 0.792390 0.487977 0.033820 0.088199 0 0.7394 0.850790 0.593040 0.032056 0.084244 0 0.7299 0.395779 0.928884 0.037420 0.098001 0 0.7173 0.895802 0.527248 0.020925 0.062825 0 0.7173 0.188856 0.612253 0.024992 0.062307 1 0.7139 0.263689 0.668883 0.021930 0.068493 1 0.6842 0.651563 0.464557 0.021753 0.053751 0 0.5065 0.198673 0.562242 0.031491 0.063417 1 0.4573 0.853803 0.681758 0.018335 0.055441 7 0.3557 0.791198 0.485469 0.031803 0.089815 1 0.1299 0.225276 0.458574 0.015507 0.047809 4 0.1122 0.072581 0.695792 0.061761 0.090024 1 0.1089 0.762096 0.469513 0.016814 0.052456 0 0.1081 0.004887 0.747333 0.009726 0.081713
CCTV01^20260318-110000-20260318-120000_000130,6 0.9619 0.928508 0.799426 0.125192 0.300951 7 0.9556 0.230555 0.797787 0.069174 0.135661 3 0.9102 0.442800 0.453339 0.048767 0.072519 10 0.9100 0.211640 0.651643 0.161953 0.258036 3 0.9093 0.524752 0.876107 0.065912 0.191826 3 0.8762 0.500686 0.405505 0.037293 0.053852 2 0.8672 0.848433 0.483461 0.040882 0.087337 2 0.8254 0.210104 0.919471 0.066184 0.125261 2 0.8232 0.789365 0.931358 0.056596 0.120190 1 0.8114 0.828079 0.702867 0.027995 0.086226 2 0.7997 0.193784 0.537693 0.027237 0.066281 1 0.7914 0.881512 0.643646 0.023524 0.056361 1 0.7881 0.727570 0.644958 0.027155 0.072700 0 0.7781 0.803689 0.572494 0.025615 0.081098 3 0.7684 0.386048 0.570043 0.051860 0.071465 0 0.7283 0.287423 0.532639 0.022620 0.067337 0 0.7098 0.269914 0.448858 0.028444 0.058115 2 0.7039 0.113173 0.952557 0.061012 0.082683 0 0.6970 0.982794 0.690938 0.034247 0.096648 1 0.6821 0.130611 0.841535 0.034523 0.087717 0 0.6317 0.851793 0.564124 0.025315 0.066482 0 0.5750 0.366509 0.380174 0.029296 0.053609 0 0.5047 0.165424 0.519477 0.025075 0.066472 0 0.4985 0.775915 0.468355 0.021889 0.058058 0 0.3213 0.795052 0.527583 0.022618 0.063789 0 0.2640 0.247192 0.717929 0.028636 0.078556 5 0.2205 0.386004 0.570596 0.051346 0.072435 1 0.1544 0.132036 0.866154 0.026156 0.048048 0 0.1406 0.393715 0.386440 0.017321 0.043651 1 0.1156 0.204140 0.479355 0.016152 0.039311
CCTV01^20260318-110000-20260318-120000_000134,10 0.9139 0.813424 0.594954 0.143938 0.267601 3 0.8952 0.162104 0.890217 0.086975 0.144111 3 0.8934 0.525159 0.875905 0.064926 0.191266 2 0.8638 0.902972 0.576454 0.049428 0.110573 4 0.8614 0.307563 0.715338 0.056677 0.114436 2 0.8440 0.327424 0.819331 0.051336 0.111947 11 0.8192 0.410306 0.495365 0.086088 0.130259 2 0.8141 0.322170 0.517708 0.035888 0.066278 0 0.8074 0.376201 0.436634 0.020903 0.050397 2 0.8010 0.274711 0.824694 0.048027 0.117641 0 0.7965 0.864378 0.925140 0.045306 0.118960 7 0.7866 0.309551 0.475412 0.037826 0.070538 10 0.7799 0.482222 0.354690 0.078172 0.107809 0 0.7673 0.187085 0.641880 0.038349 0.073643 2 0.7563 0.288852 0.438178 0.021547 0.051878 0 0.6510 0.135823 0.647699 0.033713 0.076911 0 0.6127 0.221155 0.514880 0.029975 0.060543 3 0.4207 0.323036 0.386173 0.048089 0.046471 0 0.4162 0.254582 0.439220 0.020390 0.051796 10 0.2976 0.049915 0.871867 0.099713 0.256267 6 0.2943 0.256995 0.906869 0.148365 0.177677 0 0.2586 0.422246 0.951321 0.045082 0.083472 6 0.1824 0.050200 0.872011 0.100400 0.255978 2 0.1347 0.784428 0.439491 0.020673 0.048799 0 0.1154 0.843060 0.512172 0.023779 0.053772
CCTV01^20260318-110000-20260318-120000_000138,3 0.9332 0.780948 0.777951 0.061959 0.141987 3 0.9171 0.216736 0.783231 0.061458 0.110585 3 0.9069 0.525294 0.876444 0.065775 0.190283 9 0.9053 0.302754 0.838822 0.093929 0.201188 3 0.9012 0.712402 0.529935 0.041077 0.077924 9 0.8999 0.813457 0.496191 0.057114 0.117836 6 0.8745 0.405560 0.488839 0.102945 0.132381 0 0.8566 0.223389 0.683201 0.034895 0.081886 1 0.8432 0.929169 0.830818 0.030680 0.080730 0 0.8414 0.880749 0.713178 0.032620 0.100719 2 0.8365 0.914695 0.741240 0.036141 0.103283 0 0.8290 0.957542 0.788378 0.043371 0.111210 1 0.8196 0.283044 0.622262 0.030051 0.072604 0 0.8036 0.853175 0.639598 0.034529 0.077337 0 0.8016 0.141589 0.732585 0.031678 0.087410 0 0.7812 0.227296 0.569950 0.027812 0.070467 0 0.7187 0.989556 0.763531 0.020887 0.096217 0 0.6953 0.899984 0.597164 0.031049 0.082681 1 0.6070 0.335265 0.622313 0.028053 0.064864 11 0.5851 0.304017 0.841913 0.090488 0.202494 10 0.5715 0.392251 0.416235 0.108670 0.136533 0 0.3378 0.209767 0.521970 0.025832 0.064635 7 0.3360 0.813482 0.499901 0.058348 0.121128 1 0.1290 0.664545 0.432957 0.018471 0.051365
CCTV01^20260318-110000-20260318-120000_000142,3 0.9118 0.525312 0.876354 0.064659 0.191534 3 0.9076 0.252508 0.779507 0.058788 0.111694 10 0.9039 0.344475 0.537644 0.130991 0.195369 3 0.8955 0.315292 0.684287 0.062927 0.095175 3 0.8853 0.899498 0.814389 0.099404 0.191092 2 0.8589 0.308744 0.756240 0.038103 0.099792 3 0.8569 0.870442 0.679603 0.054755 0.128708 9 0.8384 0.448318 0.464480 0.063254 0.094503 3 0.8255 0.510328 0.398579 0.033558 0.045426 0 0.8215 0.321352 0.841458 0.038469 0.116648 0 0.8184 0.178864 0.646928 0.032277 0.095332 0 0.8150 0.816822 0.604024 0.024698 0.088858 0 0.8035 0.787894 0.471103 0.020666 0.059919 1 0.7904 0.720550 0.661883 0.025217 0.083870 0 0.7777 0.893861 0.556761 0.028406 0.075149 1 0.7727 0.720005 0.572203 0.021094 0.064611 0 0.7638 0.299096 0.423676 0.021846 0.048999 0 0.7594 0.853381 0.490972 0.024512 0.062180 0 0.7287 0.265354 0.857885 0.041056 0.114341 3 0.7015 0.480357 0.422272 0.030578 0.036052 1 0.6892 0.806807 0.514435 0.017802 0.054257 9 0.6254 0.731070 0.878807 0.110664 0.215154 0 0.6143 0.979593 0.656017 0.037541 0.092929 0 0.5938 0.363684 0.393375 0.022671 0.050026 0 0.5904 0.222116 0.959532 0.056198 0.080937 0 0.5746 0.324419 0.954834 0.061196 0.090331 0 0.5581 0.394102 0.368527 0.023186 0.046610 12 0.4731 0.745300 0.869227 0.076029 0.244598 0 0.4258 0.332361 0.400472 0.026235 0.051434 1 0.3741 0.424001 0.417159 0.017198 0.039218 1 0.3624 0.414871 0.493257 0.013468 0.045079 5 0.3006 0.899572 0.814256 0.098503 0.187658 0 0.1689 0.244193 0.449669 0.027550 0.057723 2 0.1486 0.032146 0.735637 0.063931 0.104063 1 0.1289 0.821246 0.476502 0.013433 0.051193
CCTV01^20260318-110000-20260318-120000_000146,3 0.9164 0.240771 0.688725 0.055335 0.091450 3 0.9040 0.524406 0.876087 0.065799 0.190365 3 0.8929 0.149719 0.850178 0.088061 0.135836 5 0.8888 0.339929 0.610474 0.073358 0.106646 0 0.8783 0.124018 0.767678 0.046627 0.105578 2 0.8715 0.280993 0.586728 0.035363 0.074399 10 0.8711 0.431099 0.417630 0.082474 0.126794 3 0.8519 0.493947 0.428085 0.033077 0.050482 0 0.8450 0.887587 0.868041 0.042457 0.131723 0 0.8197 0.062273 0.862262 0.042180 0.116033 0 0.8147 0.311034 0.518562 0.023610 0.065933 9 0.8133 0.295587 0.756028 0.066567 0.182458 0 0.8096 0.353684 0.879687 0.060526 0.107862 0 0.8081 0.821985 0.504878 0.024077 0.062727 0 0.8072 0.797958 0.507766 0.022243 0.062767 0 0.8068 0.363193 0.520033 0.021528 0.061368 0 0.8043 0.237477 0.865557 0.039087 0.122797 1 0.8027 0.770338 0.452001 0.018938 0.052390 0 0.7964 0.978258 0.847407 0.043485 0.111552 1 0.7851 0.388421 0.511241 0.024913 0.057664 10 0.7820 0.677544 0.399202 0.052858 0.149507 3 0.7621 0.465510 0.467255 0.040305 0.051526 10 0.7606 0.156922 0.529042 0.089229 0.185927 6 0.7225 0.157570 0.528879 0.085184 0.187475 9 0.6900 0.958399 0.932195 0.083203 0.135609 0 0.6853 0.266585 0.456162 0.021670 0.045834 0 0.6352 0.356313 0.418010 0.023857 0.058395 2 0.6026 0.285178 0.437423 0.021948 0.050869 4 0.5387 0.682895 0.510601 0.034813 0.074717 7 0.4526 0.682117 0.509795 0.038259 0.074616 4 0.3832 0.957479 0.936316 0.084260 0.127368 2 0.3532 0.322593 0.422462 0.024553 0.048304 0 0.3080 0.820929 0.461491 0.018997 0.043307 1 0.2643 0.783415 0.567265 0.020088 0.061422 1 0.2558 0.601748 0.448473 0.018493 0.046050 0 0.1419 0.038641 0.708469 0.058145 0.087923 0 0.1375 0.990087 0.853222 0.019413 0.091890 0 0.1305 0.931541 0.590554 0.025354 0.075333 1 0.1196 0.629640 0.386737 0.015407 0.045684 7 0.1097 0.955838 0.935410 0.085497 0.129179 0 0.1020 0.320753 0.422010 0.030006 0.049540
CCTV01^20260318-110000-20260318-120000_000150,3 0.9357 0.729035 0.637503 0.066969 0.113993 3 0.9254 0.899220 0.780944 0.079652 0.136862 3 0.9127 0.285795 0.643940 0.066598 0.084783 3 0.9087 0.525811 0.878857 0.066150 0.191614 3 0.8762 0.439971 0.420761 0.041674 0.047843 10 0.8702 0.830119 0.839940 0.144279 0.315087 3 0.8554 0.483799 0.409916 0.038540 0.045630 0 0.8256 0.277199 0.555821 0.026867 0.075417 0 0.8202 0.821023 0.508990 0.024988 0.064493 1 0.8113 0.720283 0.889793 0.035427 0.120739 0 0.8065 0.296524 0.493793 0.021628 0.052972 0 0.7894 0.861645 0.557488 0.025330 0.062875 0 0.7877 0.300147 0.446601 0.022650 0.051269 0 0.7822 0.271052 0.452070 0.022584 0.051174 10 0.7718 0.059922 0.740361 0.119845 0.255820 0 0.7534 0.224215 0.499828 0.025602 0.060912 0 0.7520 0.986103 0.674181 0.027791 0.082448 1 0.7496 0.688551 0.700501 0.023383 0.074293 10 0.7457 0.192716 0.449693 0.084473 0.144874 0 0.7409 0.778167 0.456425 0.021988 0.054494 0 0.7324 0.381913 0.400451 0.018316 0.045102 0 0.7211 0.913624 0.628510 0.033625 0.084938 0 0.7187 0.340287 0.406157 0.022187 0.046601 3 0.6977 0.046034 0.939207 0.092068 0.121585 6 0.6782 0.192737 0.449279 0.083319 0.145010 0 0.6087 0.954263 0.655145 0.035061 0.081203 1 0.4384 0.677888 0.394696 0.017191 0.049592 1 0.2083 0.829432 0.642021 0.024104 0.070265
CCTV01^20260318-110000-20260318-120000_000154,3 0.9085 0.524756 0.876619 0.065769 0.190702 10 0.8945 0.375599 0.454841 0.125338 0.171393 10 0.8894 0.211380 0.433973 0.103017 0.141273 3 0.8837 0.389243 0.553507 0.056783 0.065909 0 0.8283 0.129606 0.719846 0.042128 0.076337 0 0.8272 0.204501 0.632928 0.034974 0.064722 1 0.8146 0.895841 0.537999 0.027795 0.051677 0 0.8098 0.234633 0.777806 0.038608 0.102212 1 0.8062 0.148176 0.808531 0.041507 0.094623 0 0.7974 0.277064 0.865909 0.039771 0.119657 0 0.7899 0.276795 0.495656 0.029636 0.057812 0 0.7898 0.740096 0.703105 0.031545 0.092478 0 0.7878 0.923056 0.673600 0.043024 0.100557 1 0.7801 0.628402 0.507956 0.027971 0.068026 0 0.7742 0.860272 0.632844 0.031875 0.086464 1 0.7688 0.874441 0.878516 0.031534 0.116493 6 0.7679 0.825366 0.866987 0.113180 0.256095 0 0.7539 0.321397 0.538812 0.022710 0.063435 0 0.7372 0.309493 0.685794 0.028285 0.081624 1 0.7216 0.471225 0.465360 0.021685 0.050829 10 0.7104 0.819268 0.870538 0.111244 0.257034 1 0.6879 0.073944 0.684927 0.025571 0.081599 0 0.6452 0.874249 0.578142 0.018689 0.050281 5 0.6425 0.267244 0.657865 0.077304 0.120423 0 0.6418 0.191475 0.537703 0.032566 0.062437 0 0.6366 0.989575 0.674557 0.020850 0.086835 0 0.6045 0.859892 0.511437 0.024963 0.068302 0 0.5651 0.957018 0.652319 0.027710 0.074284 4 0.5651 0.267547 0.659346 0.077248 0.122150 0 0.5636 0.022345 0.699930 0.037906 0.087139 0 0.5045 0.627530 0.507979 0.026825 0.063340 1 0.4880 0.132512 0.959004 0.030924 0.067165 2 0.4870 0.149443 0.893523 0.059310 0.110188 0 0.4145 0.176363 0.578335 0.032849 0.066295 0 0.3731 0.359457 0.529035 0.020443 0.057041 2 0.1257 0.176726 0.578083 0.033718 0.065664
CCTV01^20260318-110000-20260318-120000_000158,3 0.9091 0.525311 0.877348 0.065270 0.190978 3 0.9058 0.325558 0.588402 0.065469 0.077255 3 0.9049 0.198361 0.741504 0.085795 0.118824 7 0.8990 0.803228 0.855719 0.063351 0.174507 10 0.8959 0.209013 0.429713 0.101392 0.135868 0 0.8637 0.896310 0.790248 0.043035 0.120142 0 0.8610 0.236699 0.658174 0.034290 0.084783 0 0.8244 0.247605 0.519243 0.023894 0.065131 0 0.8215 0.282661 0.543701 0.025239 0.072211 1 0.8153 0.733109 0.636734 0.023330 0.075792 0 0.8080 0.297057 0.462444 0.021077 0.054828 0 0.8004 0.817782 0.538881 0.025349 0.067398 0 0.7975 0.706352 0.788976 0.043071 0.098366 0 0.7944 0.301385 0.765252 0.030917 0.103239 2 0.7859 0.797154 0.466621 0.024623 0.056255 0 0.7435 0.893023 0.568357 0.021793 0.060721 0 0.7107 0.309873 0.929839 0.057186 0.115912 0 0.7102 0.826522 0.494497 0.019939 0.059988 1 0.6039 0.787276 0.760723 0.028104 0.088617 0 0.4374 0.933840 0.594749 0.029281 0.078053 1 0.4035 0.111130 0.756938 0.028627 0.081904 9 0.3949 0.802135 0.853478 0.065505 0.189191 0 0.3859 0.802088 0.863665 0.064258 0.163822 10 0.3414 0.062439 0.735851 0.124877 0.286771 10 0.3050 0.131908 0.903641 0.259214 0.192718 0 0.2518 0.270526 0.430059 0.024326 0.048033 0 0.1432 0.786547 0.429203 0.020163 0.049766 0 0.1170 0.389702 0.374838 0.023626 0.042120 0 0.1136 0.298124 0.413642 0.021100 0.047119
CCTV01^20260318-110000-20260318-120000_000162,3 0.9276 0.258772 0.845743 0.067693 0.128103 3 0.9062 0.524422 0.876755 0.065691 0.191497 10 0.8793 0.153065 0.573893 0.150403 0.210704 10 0.8753 0.209480 0.426433 0.101070 0.123172 1 0.8568 0.343376 0.558185 0.024325 0.052757 0 0.8555 0.895705 0.739692 0.046859 0.111855 0 0.8446 0.805558 0.857964 0.036287 0.121272 0 0.8309 0.837726 0.924473 0.040645 0.110530 0 0.8251 0.767232 0.849878 0.035005 0.126895 0 0.8195 0.849019 0.639940 0.029907 0.084538 10 0.8188 0.040045 0.748396 0.080090 0.301866 2 0.8150 0.924514 0.719007 0.044636 0.086256 0 0.8144 0.310547 0.889105 0.048822 0.123094 0 0.8123 0.815454 0.505354 0.023613 0.057744 1 0.8061 0.779118 0.563181 0.021362 0.062704 0 0.8031 0.334474 0.526117 0.026568 0.060289 2 0.7990 0.849414 0.489374 0.044675 0.085067 5 0.7766 0.674362 0.445162 0.038873 0.080264 1 0.7636 0.331790 0.622624 0.018412 0.062548 9 0.7469 0.292447 0.663815 0.045332 0.131636 0 0.7268 0.874794 0.590042 0.027935 0.074816 0 0.6988 0.893013 0.569040 0.020614 0.061475 0 0.6494 0.333958 0.471049 0.023452 0.050087 0 0.4869 0.327739 0.429491 0.019944 0.047657 4 0.4864 0.291634 0.662530 0.045646 0.134157 0 0.4139 0.797896 0.475474 0.019907 0.057126 4 0.2633 0.806253 0.856868 0.038000 0.120107 3 0.2603 0.674285 0.445713 0.040261 0.080414 0 0.2252 0.288893 0.423431 0.016612 0.045437 0 0.1596 0.331315 0.383737 0.016917 0.040878
CCTV01^20260318-110000-20260318-120000_000166,3 0.9098 0.524608 0.876874 0.065704 0.190493 10 0.9010 0.207987 0.511211 0.121054 0.178976 3 0.8830 0.324120 0.490780 0.045241 0.059005 3 0.8807 0.400727 0.504848 0.054484 0.072438 5 0.8755 0.677533 0.556118 0.050111 0.111736 5 0.8721 0.735133 0.721251 0.068442 0.162293 1 0.8550 0.856059 0.696759 0.026069 0.078252 0 0.8534 0.311128 0.898471 0.048367 0.107568 0 0.8531 0.154331 0.680270 0.031597 0.085877 10 0.8501 0.215440 0.702634 0.083016 0.297300 3 0.8472 0.636651 0.423856 0.032084 0.057046 10 0.8364 0.033808 0.726305 0.067616 0.301007 1 0.8312 0.103271 0.857139 0.028338 0.080792 1 0.8302 0.862778 0.637230 0.028485 0.062687 2 0.8254 0.771698 0.874180 0.052956 0.132225 0 0.8206 0.911231 0.661908 0.034711 0.090906 0 0.8151 0.366862 0.454181 0.020321 0.057633 0 0.8141 0.323242 0.440300 0.021521 0.051458 0 0.8117 0.942848 0.707029 0.036705 0.101100 10 0.7991 0.209092 0.434200 0.106788 0.141462 1 0.7662 0.260322 0.576017 0.028622 0.064277 2 0.7655 0.862107 0.552555 0.037517 0.099212 0 0.7553 0.823194 0.482197 0.027295 0.061954 0 0.6802 0.893647 0.568366 0.021941 0.062693 0 0.6291 0.847406 0.508129 0.022618 0.059189 0 0.5645 0.261360 0.927284 0.046362 0.113378 5 0.4928 0.401057 0.505178 0.053768 0.072168 0 0.4791 0.789691 0.427422 0.022182 0.051001 0 0.4545 0.931590 0.591448 0.024776 0.073370 7 0.2724 0.861759 0.557075 0.038224 0.112195 1 0.1693 0.298096 0.427790 0.016947 0.043305
CCTV01^20260318-110000-20260318-120000_000170,10 0.9399 0.741154 0.480458 0.092323 0.193025 3 0.9248 0.232309 0.646051 0.063155 0.085547 5 0.9204 0.203833 0.799829 0.075972 0.155186 3 0.9096 0.524463 0.876383 0.065759 0.189520 3 0.9029 0.279176 0.655101 0.062089 0.093173 10 0.8962 0.240629 0.463991 0.103973 0.150456 3 0.8938 0.400547 0.498559 0.053467 0.061317 3 0.8880 0.766342 0.928959 0.061679 0.132006 3 0.8679 0.461268 0.446038 0.038454 0.051308 10 0.8585 0.207843 0.437819 0.104656 0.147680 0 0.8456 0.975133 0.814499 0.048304 0.112159 0 0.8425 0.981638 0.721110 0.036724 0.102447 10 0.8416 0.362870 0.395384 0.079526 0.130770 2 0.8399 0.320791 0.767507 0.040101 0.101120 2 0.8356 0.325954 0.582233 0.029006 0.075020 0 0.8305 0.936156 0.698252 0.034162 0.103972 0 0.8301 0.873266 0.734994 0.038571 0.109705 1 0.8103 0.913489 0.742009 0.024053 0.080616 1 0.8042 0.763834 0.748034 0.029519 0.090335 1 0.8018 0.353319 0.955212 0.029943 0.077766 1 0.7983 0.337913 0.655379 0.020805 0.065720 0 0.7958 0.854647 0.555762 0.023554 0.070768 0 0.7921 0.272531 0.757907 0.033164 0.085838 0 0.7908 0.289822 0.578851 0.025254 0.063446 0 0.7884 0.821365 0.502107 0.023616 0.067582 0 0.7824 0.272913 0.516274 0.026138 0.060219 10 0.7697 0.019682 0.672291 0.038491 0.242822 1 0.7685 0.719793 0.594079 0.025960 0.069504 0 0.7649 0.915153 0.631400 0.035942 0.062090 1 0.7505 0.663422 0.538045 0.022123 0.063400 1 0.7393 0.485401 0.404478 0.031890 0.049568 0 0.7232 0.858263 0.489814 0.030235 0.064277 0 0.7157 0.234753 0.537419 0.033371 0.063368 1 0.6857 0.655970 0.482186 0.021288 0.055163 1 0.6745 0.801484 0.492324 0.015061 0.052635 0 0.5426 0.896077 0.578280 0.023836 0.067952 1 0.4866 0.442589 0.396211 0.017785 0.039231 0 0.4369 0.154897 0.624816 0.027053 0.060709 1 0.3175 0.843352 0.606722 0.031495 0.071190 1 0.2841 0.311486 0.455642 0.015635 0.048178 1 0.2041 0.970600 0.606613 0.023838 0.063491 3 0.1926 0.520880 0.372027 0.032359 0.040161 0 0.1867 0.931935 0.589936 0.023487 0.069587 0 0.1774 0.846631 0.606118 0.026350 0.065243
CCTV01^20260318-110000-20260318-120000_000174,6 0.9404 0.828934 0.467565 0.073227 0.152136 3 0.9180 0.339764 0.578211 0.048738 0.069937 3 0.9110 0.524358 0.876284 0.066099 0.189494 3 0.9048 0.276412 0.663280 0.067967 0.087656 10 0.8835 0.254700 0.450371 0.112894 0.140039 10 0.8814 0.188299 0.608383 0.176510 0.241469 3 0.8664 0.768364 0.460339 0.030796 0.063371 10 0.8522 0.209497 0.434907 0.104554 0.141136 0 0.8430 0.983407 0.734146 0.032226 0.104488 1 0.8404 0.402688 0.958038 0.035479 0.074236 0 0.8319 0.248984 0.871089 0.040396 0.111956 0 0.8204 0.768077 0.602439 0.026027 0.074888 1 0.8193 0.759924 0.749442 0.024580 0.082498 1 0.8047 0.299587 0.734104 0.025578 0.077549 0 0.8006 0.035118 0.916682 0.046277 0.112849 1 0.7964 0.708797 0.821538 0.032659 0.101257 0 0.7896 0.290527 0.515822 0.024241 0.062933 0 0.7858 0.355842 0.412494 0.021169 0.045722 5 0.7755 0.473396 0.382275 0.036749 0.055575 1 0.7726 0.476204 0.456304 0.018273 0.051382 1 0.7722 0.294065 0.583444 0.023210 0.062755 0 0.7669 0.953301 0.867534 0.037823 0.107588 1 0.7604 0.714561 0.555402 0.019049 0.060902 0 0.7460 0.324525 0.448679 0.023189 0.057754 1 0.7431 0.793782 0.528386 0.018197 0.060160 0 0.7426 0.368695 0.457657 0.021237 0.055346 0 0.7356 0.334782 0.524882 0.028170 0.063454 1 0.6904 0.740813 0.577720 0.024949 0.074330 0 0.6794 0.377126 0.424243 0.019895 0.045734 2 0.6675 0.489835 0.423858 0.022071 0.052292 0 0.6458 0.896461 0.522579 0.023770 0.059658 0 0.6427 0.190774 0.873150 0.037607 0.094086 10 0.6033 0.020731 0.644039 0.040532 0.214415 0 0.5657 0.185321 0.827807 0.037066 0.100435 3 0.5471 0.509070 0.392195 0.032985 0.053499 10 0.5285 0.056822 0.824865 0.112974 0.323974 2 0.4644 0.990143 0.909706 0.019459 0.112039 0 0.4644 0.931477 0.594476 0.025711 0.079988 2 0.4113 0.368661 0.452892 0.022198 0.050587 1 0.3186 0.489829 0.421629 0.022913 0.050936 2 0.3056 0.917701 0.793782 0.063054 0.102359 0 0.2991 0.990171 0.907396 0.019379 0.115371 1 0.2425 0.525223 0.410286 0.018961 0.039250 4 0.1804 0.639591 0.389363 0.026926 0.055702 1 0.1741 0.434172 0.401379 0.022593 0.037767 1 0.1609 0.596382 0.462892 0.017447 0.042512
CCTV01^20260318-110000-20260318-120000_000178,6 0.9670 0.884965 0.594961 0.105380 0.221932 3 0.9226 0.244950 0.774317 0.072996 0.114896 3 0.9161 0.524633 0.877216 0.065338 0.189464 10 0.9090 0.365811 0.495309 0.123664 0.179258 10 0.8927 0.209505 0.431833 0.100801 0.135421 7 0.8896 0.102386 0.720205 0.113955 0.120679 0 0.8861 0.276063 0.903308 0.051788 0.123604 9 0.8749 0.247205 0.613963 0.112936 0.128440 2 0.8632 0.894997 0.726643 0.054056 0.092328 1 0.8607 0.156189 0.826640 0.034377 0.083979 1 0.8492 0.809020 0.733929 0.032901 0.071253 2 0.8433 0.046346 0.816919 0.058784 0.107807 2 0.8370 0.313790 0.804748 0.045850 0.112008 0 0.8204 0.818065 0.798864 0.033033 0.114878 0 0.8196 0.931790 0.823375 0.046228 0.124253 3 0.8195 0.370109 0.600177 0.064686 0.075712 4 0.8186 0.770333 0.914362 0.061437 0.158035 0 0.8062 0.801055 0.624371 0.024690 0.087356 1 0.8038 0.647347 0.438643 0.028203 0.045973 1 0.8023 0.344333 0.771540 0.024896 0.075749 10 0.8014 0.040206 0.606176 0.080178 0.222254 0 0.7979 0.033745 0.916169 0.042624 0.113299 2 0.7772 0.763529 0.451229 0.022182 0.055255 10 0.7159 0.441625 0.367330 0.125244 0.104543 10 0.6900 0.308716 0.473525 0.102751 0.179644 7 0.5961 0.247376 0.613881 0.118484 0.132843 1 0.5542 0.600348 0.427404 0.019888 0.043618 0 0.5540 0.201952 0.571090 0.028856 0.065421 0 0.5365 0.244854 0.688635 0.031723 0.067651 0 0.5110 0.303248 0.732399 0.030172 0.068166 0 0.4385 0.783609 0.425785 0.017204 0.045672 12 0.4331 0.096906 0.715475 0.102091 0.114539 9 0.4204 0.100462 0.720106 0.107348 0.116888 0 0.1060 0.205302 0.538681 0.022831 0.047790
CCTV01^20260318-110000-20260318-120000_000182,6 0.9692 0.934746 0.677754 0.129206 0.267109 10 0.9302 0.710084 0.460309 0.083006 0.182573 10 0.9299 0.174366 0.784763 0.166492 0.344859 3 0.9057 0.524874 0.876461 0.064728 0.189785 10 0.8972 0.208518 0.430515 0.100663 0.134613 3 0.8790 0.499490 0.416573 0.036975 0.051682 10 0.8789 0.063779 0.563905 0.127558 0.204632 0 0.8766 0.341635 0.923222 0.051371 0.123189 0 0.8380 0.859563 0.699104 0.035262 0.097508 2 0.8377 0.418888 0.506491 0.031596 0.066830 2 0.8343 0.329867 0.609557 0.042594 0.079181 0 0.8247 0.253930 0.495745 0.027968 0.063283 0 0.8176 0.904386 0.730495 0.038597 0.102485 0 0.8058 0.808444 0.551337 0.022399 0.070082 0 0.8042 0.135383 0.662334 0.034971 0.067502 4 0.8004 0.318704 0.739722 0.056841 0.138461 1 0.7918 0.776564 0.467592 0.013986 0.045928 0 0.7892 0.808261 0.482205 0.020117 0.053590 0 0.7816 0.275390 0.527604 0.023661 0.064041 2 0.7796 0.341840 0.542514 0.060030 0.089702 1 0.7748 0.786336 0.502432 0.016964 0.059199 10 0.7653 0.411266 0.348445 0.067601 0.109173 0 0.7634 0.296625 0.539234 0.026087 0.059363 1 0.7597 0.189678 0.586760 0.021576 0.062785 0 0.7366 0.840412 0.624321 0.028011 0.072057 0 0.7330 0.393298 0.912030 0.054912 0.125230 1 0.7303 0.278074 0.669763 0.016423 0.060516 0 0.7016 0.245801 0.595636 0.025177 0.063645 0 0.5484 0.290321 0.428848 0.024002 0.049634 0 0.5478 0.833088 0.446810 0.023992 0.056911 5 0.5365 0.341140 0.542323 0.060511 0.094112 1 0.5174 0.807705 0.483000 0.022148 0.061042 0 0.4897 0.354690 0.569130 0.021556 0.058113 1 0.4708 0.769028 0.431332 0.016454 0.044863 1 0.4514 0.355077 0.489420 0.022193 0.051758 1 0.4379 0.304230 0.501411 0.022256 0.057348 0 0.3434 0.221795 0.591374 0.026543 0.065865 10 0.3151 0.514595 0.313430 0.052654 0.097941 0 0.2503 0.183894 0.515572 0.024534 0.055610 1 0.2064 0.811397 0.608302 0.014257 0.059024 10 0.2042 0.031212 0.852058 0.062424 0.295885 1 0.1612 0.257165 0.533479 0.016147 0.054422 1 0.1020 0.073844 0.646848 0.021930 0.061556
CCTV01^20260318-110000-20260318-120000_000186,3 0.9104 0.524302 0.876563 0.064890 0.190361 10 0.9026 0.090981 0.528555 0.140799 0.182705 10 0.8909 0.209409 0.433915 0.103066 0.140791 10 0.8804 0.412257 0.449637 0.112779 0.149143 2 0.8622 0.238834 0.733949 0.044099 0.105453 1 0.8464 0.267250 0.900951 0.033367 0.082195 2 0.8381 0.205522 0.685759 0.032654 0.093955 0 0.8273 0.038841 0.753538 0.039226 0.095262 0 0.8137 0.053123 0.689073 0.040157 0.083078 2 0.8109 0.859381 0.546028 0.034286 0.063017 0 0.8082 0.777141 0.557803 0.024454 0.075960 0 0.8032 0.147102 0.700474 0.029823 0.079457 0 0.8001 0.232540 0.630521 0.029066 0.077394 0 0.7939 0.869572 0.645732 0.032494 0.084497 4 0.7923 0.318031 0.801447 0.065917 0.147908 0 0.7918 0.192909 0.613731 0.038084 0.076417 0 0.7857 0.917585 0.668678 0.034813 0.090845 0 0.7725 0.263652 0.583182 0.025608 0.067862 1 0.7547 0.210478 0.565028 0.026843 0.052451 1 0.7514 0.750269 0.528338 0.019661 0.067845 1 0.7411 0.637577 0.467540 0.025163 0.046724 3 0.7129 0.141143 0.941625 0.077500 0.108927 1 0.7128 0.495198 0.438056 0.016308 0.049031 10 0.7041 0.333481 0.465642 0.123074 0.158032 0 0.6572 0.257224 0.820284 0.037452 0.093119 0 0.6247 0.243875 0.546085 0.025997 0.063550 2 0.5842 0.891085 0.529536 0.026110 0.070666 0 0.4534 0.781374 0.950616 0.043240 0.088850 1 0.4394 0.821036 0.533512 0.016339 0.061477 3 0.4363 0.518010 0.375476 0.029535 0.041427 0 0.4133 0.988247 0.657922 0.023505 0.084181 2 0.2918 0.232472 0.483942 0.034845 0.059656 4 0.2804 0.393860 0.939154 0.110642 0.121693 1 0.2590 0.041362 0.902868 0.042056 0.108106 3 0.1632 0.657915 0.369655 0.027241 0.050574 2 0.1268 0.193064 0.612719 0.036877 0.077569 0 0.1063 0.005009 0.718665 0.009899 0.068779
CCTV01^20260318-110000-20260318-120000_000190,7 0.9590 0.348520 0.516585 0.037519 0.082493 3 0.9192 0.331867 0.599524 0.064111 0.083353 3 0.9103 0.260803 0.762037 0.070802 0.116813 3 0.9093 0.524433 0.876591 0.065484 0.191043 10 0.9029 0.104377 0.523743 0.152809 0.190534 10 0.8922 0.209708 0.429812 0.106803 0.129862 3 0.8755 0.494039 0.400176 0.041801 0.051086 10 0.8561 0.367617 0.393582 0.079434 0.127572 1 0.8434 0.903098 0.737867 0.028846 0.092552 10 0.8208 0.454652 0.368252 0.084995 0.110720 2 0.8113 0.956600 0.685535 0.046066 0.088088 0 0.8051 0.121139 0.716143 0.037901 0.092263 0 0.8029 0.163438 0.676405 0.034817 0.088119 0 0.7925 0.222211 0.669955 0.036524 0.078653 1 0.7917 0.318036 0.491577 0.018792 0.047308 1 0.7914 0.265627 0.529419 0.020851 0.054893 2 0.7792 0.122811 0.716684 0.039298 0.096051 0 0.7683 0.242308 0.930578 0.061648 0.096261 2 0.7613 0.315333 0.439701 0.025502 0.055299 0 0.7523 0.822429 0.484257 0.021035 0.059879 1 0.6575 0.062192 0.763486 0.061249 0.094143 0 0.6161 0.278896 0.467374 0.022264 0.053081 0 0.6129 0.227230 0.512286 0.025850 0.059357 2 0.4346 0.226271 0.508299 0.028172 0.060990 1 0.4086 0.922596 0.644213 0.035277 0.087507 10 0.3682 0.060972 0.900561 0.121945 0.198878 0 0.2773 0.808029 0.454989 0.021704 0.059414 2 0.2511 0.922944 0.643948 0.036268 0.091062 1 0.1927 0.266748 0.974955 0.036544 0.050090 0 0.1806 0.994450 0.703770 0.011100 0.065138 6 0.1490 0.060074 0.900154 0.120148 0.199692 0 0.1188 0.062999 0.760260 0.059884 0.087398 4 0.1044 0.063126 0.760017 0.060112 0.088770
CCTV01^20260318-110000-20260318-120000_000194,3 0.9303 0.903961 0.717684 0.063539 0.123728 10 0.9283 0.225184 0.773997 0.140433 0.339600 3 0.9241 0.798125 0.913178 0.078250 0.162390 3 0.9241 0.726600 0.724338 0.057965 0.122862 10 0.9224 0.183855 0.638371 0.148662 0.252011 3 0.9083 0.665141 0.497196 0.037189 0.078462 10 0.9047 0.102836 0.523890 0.153306 0.191274 3 0.9027 0.524422 0.876510 0.065799 0.190871 5 0.9019 0.783437 0.479921 0.035910 0.092742 10 0.8953 0.207714 0.432419 0.103134 0.136706 0 0.8539 0.373794 0.924926 0.062596 0.133695 9 0.8510 0.795114 0.666801 0.062087 0.156834 0 0.8204 0.263474 0.495558 0.028320 0.061323 1 0.8186 0.841994 0.664572 0.022730 0.070585 1 0.8057 0.745340 0.646250 0.023786 0.069821 0 0.8041 0.316321 0.507704 0.022812 0.061262 1 0.8035 0.327771 0.659307 0.021434 0.067425 0 0.7303 0.293574 0.639245 0.026022 0.075351 1 0.7290 0.900940 0.638963 0.024026 0.065566 0 0.7212 0.341332 0.462497 0.031213 0.055397 2 0.7154 0.367045 0.414724 0.026149 0.053366 2 0.7028 0.270444 0.951002 0.052198 0.091715 0 0.6929 0.972264 0.667105 0.038982 0.088777 0 0.6859 0.379715 0.433335 0.020911 0.049898 1 0.6859 0.708475 0.484356 0.019524 0.055393 7 0.6842 0.351392 0.374170 0.037153 0.056426 0 0.6640 0.278396 0.592642 0.024554 0.061763 2 0.5718 0.840588 0.572375 0.042241 0.111372 1 0.5282 0.648802 0.428680 0.018883 0.055114 0 0.4868 0.810047 0.459976 0.020122 0.051751 2 0.3491 0.972403 0.667722 0.032558 0.092270 1 0.3377 0.429655 0.482967 0.018584 0.043562 4 0.3263 0.796102 0.673675 0.060777 0.152528 1 0.2891 0.379988 0.434343 0.021532 0.049387 3 0.1923 0.661878 0.371951 0.029259 0.057866 0 0.1510 0.906386 0.569299 0.021789 0.067892
CCTV01^20260318-110000-20260318-120000_000198,10 0.9100 0.292862 0.505845 0.129341 0.179429 3 0.9067 0.420893 0.466691 0.046704 0.056765 3 0.9065 0.244370 0.740692 0.065795 0.097461 10 0.9062 0.104463 0.523939 0.152060 0.187629 3 0.9055 0.524618 0.877590 0.064891 0.191005 10 0.8866 0.208388 0.430087 0.106148 0.128489 0 0.8733 0.903947 0.892807 0.051347 0.123984 1 0.8484 0.826592 0.922215 0.032320 0.099507 1 0.8422 0.231523 0.639792 0.022637 0.065211 0 0.8376 0.064434 0.834586 0.035671 0.121891 0 0.8200 0.769361 0.675415 0.035291 0.097141 1 0.8199 0.296587 0.717689 0.021009 0.064766 0 0.8170 0.869158 0.662596 0.032987 0.095355 1 0.7945 0.315543 0.628451 0.019750 0.061807 0 0.7931 0.257085 0.649307 0.028761 0.086951 0 0.7881 0.390340 0.511221 0.024457 0.064776 2 0.7868 0.941033 0.727904 0.070726 0.110768 1 0.7663 0.716135 0.557018 0.021189 0.060713 2 0.7619 0.477167 0.420220 0.023704 0.048600 0 0.7495 0.912381 0.621691 0.031966 0.089505 0 0.7446 0.853268 0.560040 0.026811 0.070864 0 0.7330 0.213049 0.600011 0.024446 0.064959 0 0.6355 0.343178 0.642299 0.033127 0.080886 3 0.6095 0.620590 0.390694 0.029988 0.066201 7 0.5996 0.308801 0.936454 0.106497 0.121328 0 0.5513 0.358804 0.424750 0.023666 0.052502 1 0.4226 0.576018 0.545854 0.024916 0.051163 1 0.3442 0.852503 0.558075 0.025677 0.067434 0 0.2118 0.996033 0.749457 0.007846 0.094128 1 0.2043 0.077833 0.644507 0.026180 0.067335 1 0.2015 0.323636 0.382487 0.023803 0.044148 0 0.1657 0.217507 0.566376 0.022004 0.053164 0 0.1238 0.171850 0.581076 0.026712 0.067102 1 0.1101 0.588714 0.551925 0.017175 0.039299
CCTV01^20260318-110000-20260318-120000_000202,3 0.9311 0.761726 0.911242 0.073164 0.171142 10 0.9221 0.730252 0.528237 0.114665 0.229312 3 0.9158 0.525586 0.879671 0.066005 0.190100 10 0.9044 0.103101 0.525268 0.151630 0.191047 9 0.8924 0.654389 0.550033 0.070284 0.147031 10 0.8899 0.208280 0.433355 0.102950 0.137944 1 0.8681 0.705350 0.940533 0.030396 0.097200 3 0.8599 0.624987 0.453532 0.033943 0.062467 2 0.8319 0.813378 0.507850 0.027468 0.062210 0 0.8191 0.890272 0.679913 0.034719 0.098820 0 0.8069 0.296816 0.529586 0.027439 0.068442 1 0.7959 0.335628 0.495931 0.018585 0.052936 0 0.7850 0.416894 0.445048 0.026466 0.054452 9 0.7523 0.365193 0.431117 0.050762 0.073783 0 0.7482 0.792779 0.453631 0.022877 0.054465 10 0.5264 0.966181 0.814747 0.067489 0.370506 1 0.4990 0.759472 0.437369 0.017103 0.048103 6 0.4242 0.966561 0.817592 0.066744 0.364816 1 0.3435 0.010160 0.916090 0.020317 0.084434 0 0.2468 0.072993 0.940067 0.065669 0.104057 2 0.1970 0.656367 0.397349 0.020646 0.050113 1 0.1623 0.909297 0.573018 0.018935 0.059718
CCTV01^20260318-110000-20260318-120000_000206,9 0.9728 0.763183 0.883674 0.097616 0.203507 3 0.9296 0.278442 0.716989 0.072745 0.112957 3 0.9280 0.525820 0.879144 0.065399 0.190334 3 0.9172 0.463239 0.439852 0.044578 0.056372 3 0.9158 0.844866 0.510962 0.044236 0.072613 10 0.9037 0.104201 0.526756 0.152063 0.195977 10 0.8829 0.209577 0.432000 0.105808 0.133626 2 0.8679 0.246129 0.929294 0.067517 0.121892 2 0.8642 0.827568 0.741182 0.039343 0.103908 1 0.8348 0.234793 0.583532 0.020553 0.062679 0 0.8100 0.284615 0.486133 0.022000 0.056344 1 0.8061 0.764843 0.685877 0.021939 0.084456 2 0.8000 0.858534 0.950454 0.063270 0.086206 0 0.7954 0.686614 0.731310 0.034254 0.100712 0 0.7827 0.822016 0.527956 0.027354 0.060672 10 0.7496 0.923700 0.837450 0.152528 0.325099 1 0.7385 0.708288 0.551703 0.021384 0.065299 1 0.7313 0.014196 0.880005 0.028392 0.085972 0 0.7169 0.267599 0.477497 0.022154 0.059257 3 0.6041 0.626245 0.426069 0.028698 0.061986 0 0.5532 0.790319 0.425295 0.021230 0.049675 10 0.5395 0.700509 0.398181 0.057294 0.148174 2 0.4173 0.921139 0.657542 0.078267 0.113475 2 0.2977 0.652577 0.404691 0.018912 0.049362 0 0.2667 0.004776 0.775258 0.009508 0.082450 0 0.1768 0.208489 0.495236 0.028168 0.057117 1 0.1046 0.995639 0.717382 0.008543 0.063017
CCTV01^20260318-110000-20260318-120000_000210,9 0.9929 0.746059 0.636736 0.094645 0.206379 9 0.9652 0.324299 0.487350 0.042258 0.104387 3 0.9163 0.526088 0.878891 0.066137 0.191474 3 0.9050 0.214980 0.862867 0.078360 0.138804 10 0.8998 0.104592 0.521963 0.155509 0.185182 10 0.8901 0.208929 0.434131 0.106212 0.137356 3 0.8876 0.701669 0.508676 0.044039 0.065509 2 0.8605 0.730022 0.862725 0.045944 0.132774 3 0.8569 0.377991 0.570754 0.057735 0.074704 2 0.8526 0.900242 0.544767 0.033158 0.061725 1 0.8515 0.267573 0.892726 0.031178 0.080386 1 0.8366 0.073683 0.712494 0.037249 0.066295 0 0.8166 0.281385 0.504859 0.020814 0.060687 0 0.8026 0.252363 0.518944 0.021990 0.054382 2 0.7944 0.815108 0.536676 0.027787 0.067374 3 0.7888 0.978059 0.878737 0.043859 0.129995 1 0.7815 0.795901 0.462483 0.015464 0.044933 4 0.7452 0.230378 0.627938 0.063814 0.132048 9 0.7384 0.230296 0.627771 0.060634 0.133989 1 0.7338 0.129212 0.979361 0.034621 0.040476 1 0.7270 0.358969 0.439252 0.017050 0.042823 0 0.6419 0.258292 0.471665 0.018371 0.044116 0 0.6390 0.826442 0.477881 0.024056 0.044975 1 0.4598 0.010891 0.762646 0.021759 0.088512 0 0.4219 0.306039 0.436463 0.021781 0.057327 1 0.3477 0.633650 0.406285 0.015929 0.042546 10 0.3279 0.873304 0.874620 0.143961 0.247946 0 0.2376 0.010852 0.764006 0.021705 0.083801 3 0.2155 0.782605 0.415570 0.027707 0.051753 0 0.2119 0.184909 0.562554 0.037426 0.063128 0 0.1855 0.049497 0.675687 0.043083 0.079824 2 0.1769 0.283516 0.413129 0.025286 0.044744 0 0.1600 0.988978 0.960391 0.022044 0.072738
CCTV01^20260318-110000-20260318-120000_000214,9 0.9483 0.936880 0.835647 0.123060 0.261980 10 0.9275 0.783192 0.760445 0.154069 0.387811 3 0.9135 0.524274 0.876639 0.064856 0.193498 3 0.9079 0.661336 0.534810 0.040649 0.076508 3 0.9035 0.702342 0.453976 0.035733 0.062597 10 0.8960 0.207630 0.433626 0.104890 0.139764 10 0.8927 0.104773 0.521275 0.154922 0.185597 0 0.8535 0.086069 0.835709 0.051114 0.102441 2 0.8496 0.970324 0.683663 0.042188 0.081471 2 0.8439 0.284652 0.781885 0.042168 0.106297 2 0.8376 0.286485 0.655496 0.036197 0.089862 0 0.8236 0.174151 0.678731 0.037230 0.093532 2 0.8051 0.826040 0.448796 0.027193 0.055522 1 0.8040 0.398821 0.509480 0.022404 0.050441 0 0.7929 0.275806 0.494437 0.028083 0.059598 0 0.7844 0.833536 0.497516 0.025997 0.061622 1 0.7809 0.372125 0.520991 0.018417 0.053806 1 0.7642 0.806086 0.590873 0.019962 0.065376 2 0.7640 0.876845 0.609495 0.032841 0.090979 9 0.7447 0.310436 0.430793 0.039736 0.075350 0 0.7178 0.430011 0.479851 0.032982 0.052060 1 0.7174 0.356342 0.465372 0.017715 0.048228 0 0.6732 0.331953 0.454020 0.020608 0.052855 10 0.6608 0.050691 0.811670 0.100904 0.372512 0 0.5878 0.760660 0.430257 0.019930 0.056429 0 0.3525 0.927797 0.687015 0.034212 0.071339 1 0.3186 0.672965 0.442315 0.013117 0.043957 10 0.3027 0.640844 0.407124 0.049934 0.129008
CCTV01^20260318-110000-20260318-120000_000218,3 0.9211 0.687141 0.640472 0.047034 0.101303 3 0.9165 0.772602 0.583166 0.050783 0.087583 10 0.9120 0.099053 0.658730 0.192080 0.275700 3 0.9088 0.665281 0.478426 0.039612 0.065138 3 0.9081 0.524366 0.876522 0.064236 0.192399 3 0.9019 0.805843 0.782196 0.052555 0.140980 10 0.8956 0.103530 0.524280 0.153823 0.188532 10 0.8843 0.749824 0.770746 0.109857 0.334651 10 0.8834 0.209517 0.431132 0.104829 0.140244 0 0.8544 0.857179 0.769198 0.042239 0.107622 0 0.8510 0.316280 0.936364 0.042374 0.119580 0 0.8191 0.250455 0.925559 0.051845 0.129083 3 0.8176 0.853530 0.945243 0.073133 0.106567 1 0.8120 0.894164 0.758992 0.025307 0.079821 0 0.7927 0.659464 0.540051 0.029925 0.069135 1 0.7863 0.266638 0.649449 0.020851 0.068698 0 0.7613 0.258577 0.791895 0.038027 0.099331 2 0.7601 0.968407 0.649883 0.045157 0.085295 0 0.7063 0.338676 0.462967 0.023837 0.051629 6 0.7035 0.749291 0.766763 0.103791 0.327504 1 0.7026 0.384367 0.901326 0.036173 0.088893 0 0.5135 0.596900 0.469809 0.035346 0.062436 3 0.4822 0.505535 0.379420 0.034446 0.050796 0 0.4385 0.785831 0.441254 0.021306 0.054367 0 0.1882 0.520902 0.407634 0.023005 0.044986 6 0.1438 0.412937 0.385850 0.039319 0.060656
CCTV01^20260318-110000-20260318-120000_000222,10 0.9187 0.124280 0.628630 0.178138 0.251877 3 0.9139 0.268458 0.640160 0.049827 0.083364 3 0.9137 0.525060 0.878581 0.065386 0.193334 3 0.9022 0.415155 0.509123 0.050339 0.063405 10 0.8913 0.104683 0.526749 0.154369 0.193507 10 0.8902 0.208613 0.431359 0.107369 0.136636 2 0.8722 0.337028 0.630179 0.038777 0.086476 1 0.8336 0.235726 0.755542 0.028508 0.077103 0 0.7718 0.911648 0.639221 0.027422 0.068844 0 0.7418 0.138406 0.902961 0.043536 0.102722 1 0.7238 0.126860 0.735312 0.033697 0.065169 1 0.6917 0.821985 0.695032 0.022611 0.086803 1 0.6695 0.686922 0.450453 0.017328 0.052515 0 0.6663 0.821315 0.697957 0.019767 0.082672 0 0.6642 0.796904 0.512317 0.019604 0.063658 2 0.6266 0.367498 0.410952 0.029445 0.063282 1 0.5893 0.813356 0.468893 0.030702 0.055145 0 0.5821 0.325389 0.457765 0.021957 0.046046 9 0.5479 0.852779 0.825679 0.059251 0.200345 0 0.5202 0.810951 0.472569 0.033190 0.049541 7 0.5187 0.851517 0.829540 0.058876 0.187508 0 0.4423 0.367062 0.409896 0.030486 0.058927 0 0.4392 0.795810 0.660915 0.016153 0.061792 2 0.4382 0.128253 0.806775 0.038491 0.106278 0 0.3918 0.884924 0.561827 0.021143 0.064748 0 0.3676 0.131065 0.813366 0.043469 0.116536 0 0.3565 0.889572 0.584136 0.018422 0.056227 6 0.3177 0.208851 0.431873 0.101112 0.135141 4 0.2803 0.852203 0.848063 0.057897 0.153462 1 0.2054 0.796074 0.659246 0.016650 0.064604 0 0.1250 0.314516 0.433090 0.019736 0.051169 1 0.1196 0.725269 0.523484 0.015086 0.049211
CCTV01^20260318-110000-20260318-120000_000226,6 0.9289 0.081779 0.808563 0.163557 0.328805 3 0.9194 0.524280 0.876393 0.064477 0.193711 10 0.9058 0.103411 0.530651 0.154685 0.201444 3 0.9008 0.440245 0.461192 0.041859 0.055292 10 0.8912 0.143220 0.597329 0.167803 0.223053 10 0.8857 0.208599 0.429697 0.105177 0.130602 2 0.8499 0.826298 0.509567 0.026690 0.062397 4 0.8351 0.305590 0.578026 0.052252 0.092749 0 0.8198 0.234931 0.587472 0.031626 0.071705 0 0.8197 0.713113 0.636836 0.027372 0.087720 0 0.8080 0.802785 0.672206 0.027273 0.092781 0 0.7839 0.804165 0.522870 0.025982 0.069794 0 0.7674 0.334967 0.858320 0.034889 0.109583 0 0.7657 0.379755 0.424302 0.022093 0.051581 0 0.7590 0.834281 0.617622 0.028286 0.096517 1 0.7509 0.713170 0.468732 0.017123 0.048244 0 0.7286 0.849755 0.487943 0.025529 0.061631 0 0.7128 0.367276 0.942391 0.030788 0.090229 1 0.6747 0.368752 0.942893 0.033633 0.092472 0 0.6289 0.518211 0.432915 0.019839 0.047015 0 0.5274 0.252831 0.491115 0.027688 0.069096 1 0.5018 0.823486 0.970940 0.037608 0.058120 1 0.4299 0.267191 0.761304 0.025646 0.066206 1 0.4298 0.673401 0.469015 0.020617 0.051809 1 0.2897 0.811143 0.443820 0.018727 0.045309 1 0.1638 0.911747 0.553971 0.018758 0.053892 0 0.1202 0.305669 0.408820 0.019828 0.048997 0 0.1040 0.911426 0.546031 0.018690 0.065794
CCTV01^20260318-110000-20260318-120000_000230,6 0.9626 0.345058 0.468174 0.088932 0.132162 10 0.9249 0.149080 0.667889 0.188088 0.271127 3 0.9147 0.524233 0.876707 0.064092 0.194111 10 0.8915 0.234281 0.497630 0.138758 0.170610 10 0.8905 0.103053 0.524381 0.152750 0.185718 0 0.8808 0.252595 0.869907 0.046232 0.108250 10 0.8367 0.208483 0.434128 0.103292 0.140920 0 0.8319 0.094863 0.838955 0.049025 0.090602 0 0.8290 0.874795 0.530637 0.023632 0.062835 0 0.8268 0.851820 0.547631 0.024406 0.060100 1 0.8095 0.815092 0.728285 0.025443 0.079456 0 0.8090 0.510652 0.442394 0.017688 0.050862 0 0.8009 0.293863 0.606597 0.030226 0.075528 1 0.7967 0.861867 0.804219 0.027085 0.097643 0 0.7926 0.807983 0.454389 0.019853 0.052156 5 0.7910 0.778002 0.894889 0.083096 0.202376 2 0.7410 0.974564 0.805795 0.050659 0.136398 1 0.7075 0.820523 0.883959 0.029848 0.091594 9 0.6808 0.684879 0.435100 0.055090 0.110088 0 0.5739 0.309477 0.565369 0.023878 0.064646 0 0.5390 0.820175 0.882114 0.027565 0.083223 0 0.5353 0.268859 0.541160 0.030254 0.067791 10 0.2346 0.032813 0.803730 0.065627 0.381442 0 0.2296 0.987402 0.916478 0.024999 0.084718 1 0.1902 0.500344 0.395476 0.014369 0.042637 0 0.1596 0.286794 0.550601 0.024120 0.058478 7 0.1474 0.685327 0.438106 0.055677 0.113803 0 0.1335 0.983031 0.724375 0.031644 0.095617 3 0.1237 0.631164 0.204598 0.015137 0.024081 0 0.1112 0.932431 0.593916 0.021544 0.058670 4 0.1102 0.776224 0.894929 0.086533 0.203394
CCTV01^20260318-110000-20260318-120000_000234,6 0.9753 0.268901 0.853163 0.148340 0.290287 3 0.9376 0.778564 0.484176 0.034817 0.074910 10 0.9244 0.810570 0.803597 0.162203 0.389034 3 0.9211 0.524160 0.876741 0.064467 0.192433 3 0.9157 0.717696 0.600266 0.049807 0.086911 3 0.9144 0.668143 0.509958 0.040088 0.073339 10 0.9067 0.202319 0.584213 0.121632 0.217276 10 0.9038 0.103165 0.519684 0.151243 0.177443 3 0.9024 0.341883 0.605860 0.055676 0.080459 3 0.8917 0.692216 0.450031 0.033634 0.061832 7 0.8778 0.945747 0.823059 0.093893 0.193232 10 0.8751 0.300357 0.456020 0.141959 0.155079 10 0.8679 0.208317 0.431429 0.103202 0.132372 10 0.8644 0.477698 0.382718 0.081520 0.128099 7 0.8496 0.653500 0.406319 0.029506 0.072973 6 0.8414 0.072536 0.819173 0.143578 0.320050 1 0.8318 0.303154 0.667581 0.025222 0.065618 0 0.8276 0.126897 0.676583 0.027807 0.071243 0 0.8240 0.801631 0.579978 0.030084 0.088107 0 0.8153 0.166359 0.941395 0.043259 0.103458 0 0.8061 0.856009 0.534460 0.022800 0.065725 1 0.7893 0.289695 0.573686 0.021329 0.062765 3 0.7380 0.252804 0.693011 0.063284 0.076702 1 0.7272 0.856333 0.751568 0.022345 0.056273 1 0.7173 0.473416 0.470476 0.022768 0.044026 10 0.6848 0.269278 0.854548 0.145304 0.290905 0 0.6578 0.808695 0.514521 0.021991 0.062018 6 0.3431 0.202384 0.585308 0.124435 0.218899 6 0.2896 0.420932 0.392394 0.076194 0.100651 0 0.2668 0.810253 0.475611 0.019357 0.048676 0 0.1479 0.383194 0.430104 0.019253 0.053222 10 0.1289 0.420370 0.392610 0.075067 0.102935
CCTV01^20260318-110000-20260318-120000_000238,6 0.9619 0.175568 0.673225 0.193148 0.237138 6 0.9589 0.289813 0.542321 0.054235 0.162541 3 0.9342 0.282698 0.709603 0.068485 0.097821 3 0.9216 0.264528 0.831340 0.063239 0.119794 3 0.9196 0.914776 0.818888 0.095797 0.144861 3 0.9070 0.524024 0.876779 0.064717 0.192827 10 0.8966 0.103401 0.523142 0.151865 0.184237 10 0.8869 0.209340 0.430247 0.107818 0.134138 10 0.8670 0.342044 0.435916 0.154704 0.149614 6 0.8624 0.444071 0.377581 0.087065 0.101892 1 0.8455 0.184554 0.798123 0.030876 0.077046 0 0.8398 0.770143 0.858826 0.038051 0.125933 1 0.8296 0.237426 0.722954 0.024978 0.077926 0 0.8288 0.868063 0.518543 0.023129 0.067779 0 0.8182 0.356128 0.530292 0.025798 0.064465 0 0.7980 0.895430 0.557768 0.023725 0.067513 0 0.7958 0.804952 0.583474 0.023449 0.068848 10 0.7878 0.207958 0.540285 0.070328 0.181881 7 0.7825 0.323193 0.916545 0.078355 0.166910 0 0.7456 0.779740 0.453970 0.019909 0.055585 1 0.7359 0.690072 0.536581 0.016687 0.054026 0 0.7343 0.783029 0.543938 0.021718 0.068374 0 0.7312 0.338689 0.585505 0.030321 0.069594 0 0.7193 0.462448 0.461715 0.023910 0.061901 1 0.6799 0.397408 0.546847 0.021487 0.056277 2 0.6738 0.828626 0.459549 0.029004 0.055279 0 0.5963 0.858154 0.597598 0.029394 0.076003 1 0.5351 0.431393 0.478138 0.019122 0.050661 2 0.3569 0.858192 0.596500 0.027264 0.077022 0 0.3197 0.835900 0.483126 0.023859 0.060867 3 0.3105 0.807267 0.971045 0.062112 0.057910 10 0.2425 0.444100 0.377803 0.088608 0.103697 3 0.1102 0.025465 0.980295 0.050703 0.039409
CCTV01^20260318-110000-20260318-120000_000242,7 0.9820 0.388846 0.483612 0.036435 0.083173 6 0.9678 0.308939 0.531167 0.113322 0.161266 3 0.9197 0.177840 0.827478 0.077078 0.125039 10 0.9185 0.673267 0.490088 0.086945 0.199217 3 0.9090 0.524566 0.876784 0.064624 0.193735 3 0.8962 0.241365 0.928460 0.071643 0.134212 10 0.8960 0.103940 0.526659 0.151782 0.196070 10 0.8927 0.137538 0.635949 0.232477 0.255814 5 0.8813 0.341098 0.629607 0.060228 0.115883 5 0.8786 0.275615 0.654246 0.069647 0.121011 2 0.8557 0.200192 0.714138 0.048183 0.098608 2 0.8553 0.878491 0.583855 0.047308 0.107593 10 0.8516 0.209165 0.434233 0.105115 0.140992 2 0.8499 0.830925 0.631534 0.035485 0.087387 2 0.8436 0.821879 0.472651 0.025692 0.058728 0 0.8424 0.963718 0.692042 0.032111 0.098299 0 0.8304 0.807933 0.813662 0.039665 0.109411 0 0.8198 0.275277 0.788374 0.032926 0.073058 0 0.8177 0.343022 0.874491 0.047561 0.120658 0 0.8132 0.757273 0.907830 0.038860 0.102375 0 0.8090 0.140116 0.744053 0.041141 0.096679 0 0.8053 0.797237 0.485382 0.022451 0.055726 1 0.8041 0.316445 0.710316 0.025916 0.066769 0 0.7763 0.309186 0.808179 0.031611 0.092605 1 0.7625 0.293164 0.705950 0.023393 0.058661 1 0.7612 0.229802 0.777833 0.026453 0.078488 10 0.7413 0.412928 0.402422 0.127314 0.125314 2 0.7184 0.986636 0.790421 0.026636 0.107615 10 0.7092 0.248101 0.476986 0.103122 0.162269 1 0.6700 0.401530 0.519273 0.020332 0.048314 0 0.6622 0.992834 0.711204 0.014332 0.080261 2 0.5101 0.331230 0.579296 0.040734 0.064574 10 0.4567 0.047423 0.833694 0.094511 0.332612 0 0.4360 0.041040 0.887618 0.066218 0.126977 0 0.4294 0.495435 0.395395 0.021471 0.049788 0 0.3780 0.233126 0.635288 0.026724 0.067048 3 0.1785 0.524374 0.379238 0.029953 0.044822 10 0.1609 0.673296 0.337855 0.044927 0.108849 0 0.1560 0.907762 0.572523 0.019734 0.055524
CCTV01^20260318-110000-20260318-120000_000246,6 0.9672 0.351398 0.480309 0.097918 0.150086 7 0.9310 0.354219 0.864944 0.087388 0.161257 3 0.9232 0.231120 0.726696 0.065340 0.109391 3 0.9162 0.524910 0.877576 0.065270 0.193983 3 0.9104 0.290849 0.634429 0.061837 0.078498 10 0.9043 0.208426 0.431284 0.107204 0.137518 10 0.9008 0.103607 0.528907 0.153194 0.200558 2 0.8978 0.134575 0.860879 0.049100 0.127419 10 0.8886 0.193285 0.598039 0.208540 0.228411 3 0.8663 0.275817 0.759327 0.059244 0.117301 1 0.8498 0.185069 0.884998 0.029839 0.081352 2 0.8456 0.920114 0.646991 0.062345 0.125238 0 0.8437 0.313357 0.915625 0.048347 0.123034 2 0.8301 0.675655 0.474613 0.028230 0.064483 0 0.8295 0.240364 0.816622 0.037055 0.089801 0 0.8215 0.395208 0.542092 0.032371 0.069230 0 0.8198 0.931305 0.722150 0.043631 0.099350 1 0.8153 0.832371 0.667999 0.022428 0.080883 2 0.8045 0.989290 0.826612 0.021419 0.115802 0 0.7658 0.172599 0.730720 0.039565 0.096985 0 0.7650 0.831630 0.461238 0.020946 0.058618 1 0.7595 0.320097 0.570182 0.019920 0.049927 0 0.7507 0.327647 0.639743 0.031176 0.086463 0 0.7447 0.350103 0.552965 0.026746 0.068326 0 0.7291 0.291182 0.824227 0.034979 0.077015 1 0.7143 0.491718 0.460852 0.019228 0.046759 0 0.7117 0.323976 0.693376 0.030507 0.083154 2 0.6266 0.468862 0.431689 0.028508 0.056915 10 0.6240 0.067208 0.819390 0.133749 0.361220 2 0.6102 0.407137 0.442795 0.021114 0.052226 0 0.5999 0.276140 0.588503 0.029076 0.052255 3 0.5095 0.239920 0.932967 0.072288 0.134066 0 0.4906 0.444955 0.469499 0.020870 0.049890 5 0.4488 0.522929 0.371503 0.031218 0.056468 10 0.2823 0.308622 0.395059 0.066087 0.118083 10 0.2262 0.673701 0.338646 0.046003 0.108439 0 0.2052 0.421189 0.499943 0.023420 0.065749 10 0.1847 0.465240 0.366006 0.090847 0.116903 0 0.1649 0.444896 0.428234 0.018374 0.046130 0 0.1400 0.634703 0.205852 0.010219 0.023449 2 0.1383 0.261092 0.485253 0.028371 0.049626
CCTV01^20260318-110000-20260318-120000_000250,6 0.9405 0.408217 0.412280 0.077530 0.113568 3 0.9188 0.267575 0.754063 0.063292 0.119856 10 0.9128 0.844450 0.650234 0.168626 0.294763 3 0.9102 0.524751 0.876639 0.064901 0.194236 10 0.9046 0.103177 0.527118 0.153241 0.191942 10 0.9028 0.206811 0.432691 0.104143 0.140820 3 0.9009 0.271226 0.888315 0.076199 0.164002 10 0.8938 0.304618 0.509748 0.165020 0.189402 3 0.8708 0.489717 0.450236 0.037103 0.056057 2 0.8557 0.243817 0.693487 0.046922 0.085864 2 0.8492 0.229158 0.615971 0.030014 0.086626 7 0.8429 0.312269 0.585876 0.040074 0.077746 6 0.8075 0.104675 0.822953 0.202659 0.295904 0 0.8040 0.402302 0.497581 0.028872 0.063036 2 0.8039 0.298320 0.650791 0.046656 0.085767 0 0.7932 0.324485 0.658135 0.027870 0.072763 0 0.7726 0.320737 0.736069 0.030915 0.075455 0 0.7124 0.336269 0.865227 0.039343 0.115107 1 0.7121 0.455065 0.443103 0.017283 0.046911 1 0.7104 0.646572 0.471140 0.017030 0.056104 0 0.7070 0.265099 0.602070 0.028257 0.065550 10 0.6307 0.104691 0.693296 0.202347 0.275280 0 0.5792 0.797797 0.451966 0.021090 0.054804 0 0.3934 0.162905 0.873865 0.048469 0.118804 9 0.3105 0.102216 0.815162 0.204432 0.272299 1 0.2915 0.840034 0.461962 0.015157 0.046149 4 0.2432 0.163429 0.878253 0.049507 0.137892 0 0.1395 0.210201 0.581015 0.026106 0.057972 2 0.1134 0.928110 0.649688 0.048845 0.128332 0 0.1128 0.979520 0.677874 0.018868 0.049806
CCTV01^20260318-110000-20260318-120000_000255,3 0.9283 0.308045 0.812657 0.064653 0.126782 3 0.9252 0.737106 0.565843 0.056425 0.109711 3 0.9121 0.302368 0.697587 0.056830 0.111614 3 0.9110 0.524473 0.876457 0.064753 0.194327 6 0.9097 0.395507 0.489814 0.102644 0.138117 10 0.8977 0.267387 0.544139 0.157027 0.192295 10 0.8956 0.207439 0.431269 0.103143 0.133591 10 0.8945 0.104179 0.523774 0.154623 0.189423 2 0.8843 0.920617 0.646594 0.067126 0.127559 2 0.8632 0.250324 0.693488 0.035169 0.089588 5 0.8608 0.302642 0.602883 0.086384 0.097998 1 0.8520 0.381300 0.847476 0.035031 0.087752 0 0.8487 0.253050 0.894187 0.041038 0.106859 3 0.8383 0.354277 0.942328 0.107906 0.110694 0 0.8264 0.772613 0.487452 0.027593 0.061553 2 0.8200 0.197278 0.840891 0.047572 0.107057 1 0.8097 0.908573 0.725781 0.037873 0.073219 0 0.8005 0.219842 0.736909 0.032055 0.095263 1 0.8000 0.123614 0.770536 0.037439 0.074626 1 0.7996 0.246413 0.796888 0.026975 0.081946 10 0.7415 0.417557 0.403694 0.097810 0.128575 1 0.7333 0.621297 0.471489 0.018824 0.052482 0 0.7145 0.185264 0.786525 0.032015 0.090319 0 0.7014 0.123874 0.772170 0.037621 0.075784 10 0.6905 0.054578 0.859710 0.108862 0.280580 0 0.5843 0.034606 0.688881 0.051434 0.102029 3 0.5716 0.490538 0.438548 0.040628 0.050765 2 0.5295 0.850324 0.630573 0.048684 0.124151 9 0.4129 0.850546 0.627452 0.048598 0.130533 0 0.3934 0.994206 0.712194 0.011587 0.082820 6 0.2858 0.053739 0.858356 0.107478 0.283289 0 0.1978 0.196988 0.942934 0.066897 0.099851 4 0.1249 0.490590 0.437665 0.040449 0.047411 2 0.1215 0.469890 0.474464 0.027829 0.045498 10 0.1044 0.292327 0.372334 0.073576 0.115167 2 0.1008 0.993893 0.915133 0.012215 0.060834
CCTV01^20260318-110000-20260318-120000_000259,3 0.9229 0.266613 0.842702 0.057690 0.132595 3 0.9222 0.524459 0.876507 0.064363 0.194294 10 0.9221 0.079261 0.727849 0.145575 0.315119 3 0.9175 0.296012 0.632919 0.061343 0.081327 3 0.9100 0.202943 0.769590 0.061545 0.125335 2 0.9099 0.921577 0.648797 0.063942 0.125622 10 0.9003 0.104316 0.522280 0.155592 0.186371 10 0.8869 0.207329 0.432459 0.104200 0.138349 3 0.8863 0.374693 0.591113 0.061622 0.068002 7 0.8829 0.256769 0.541115 0.044871 0.072482 2 0.8789 0.284143 0.713470 0.038851 0.097392 3 0.8670 0.506758 0.440566 0.037228 0.063671 3 0.8636 0.451677 0.481084 0.045895 0.051573 2 0.8596 0.810062 0.551886 0.027721 0.070491 2 0.8477 0.818892 0.722446 0.036938 0.101148 10 0.8389 0.418251 0.408458 0.102206 0.124172 1 0.8324 0.345566 0.552905 0.026233 0.053337 0 0.8283 0.237702 0.615067 0.031890 0.078976 2 0.8192 0.331107 0.758474 0.042216 0.097838 1 0.8154 0.058154 0.936125 0.058958 0.089284 0 0.7905 0.756695 0.494731 0.024549 0.064172 1 0.7714 0.291973 0.488766 0.016901 0.047860 0 0.7711 0.978881 0.840054 0.042238 0.122150 1 0.7376 0.321164 0.660079 0.017914 0.058558 1 0.6946 0.817752 0.507235 0.018412 0.054915 0 0.6938 0.218168 0.577816 0.025736 0.068333 0 0.6838 0.321617 0.479740 0.022453 0.051947 1 0.6800 0.876994 0.530632 0.021671 0.063627 2 0.6586 0.432514 0.458113 0.037768 0.063527 2 0.6132 0.290319 0.435121 0.024880 0.054671 1 0.5601 0.345455 0.825517 0.027683 0.073033 0 0.5236 0.628253 0.565253 0.025510 0.064396 0 0.4983 0.345374 0.826851 0.027300 0.072468 9 0.4792 0.305746 0.935319 0.122349 0.129362 1 0.4674 0.907599 0.836102 0.031652 0.107116 0 0.4228 0.825510 0.447091 0.019894 0.052774 0 0.3650 0.209611 0.524705 0.033372 0.059644 6 0.3412 0.507646 0.375435 0.061341 0.092910 1 0.1817 0.968351 0.951726 0.062476 0.096547 0 0.1589 0.275300 0.450753 0.018834 0.051570 0 0.1583 0.348726 0.421589 0.022152 0.043463 0 0.1362 0.994148 0.699789 0.011704 0.064503 0 0.1154 0.996785 0.762829 0.006429 0.068827
CCTV01^20260318-110000-20260318-120000_000263,9 0.9442 0.279298 0.641566 0.071863 0.151741 6 0.9399 0.400146 0.455579 0.070349 0.087639 4 0.9323 0.335058 0.917338 0.073385 0.158515 3 0.9314 0.178291 0.801622 0.071137 0.117308 10 0.9184 0.156932 0.588141 0.133771 0.222221 3 0.9129 0.524464 0.876796 0.065132 0.192134 3 0.9116 0.255057 0.804941 0.065233 0.125886 10 0.8908 0.104808 0.528350 0.154874 0.195055 3 0.8752 0.443933 0.479911 0.044710 0.050927 10 0.8723 0.206982 0.425615 0.103195 0.123998 4 0.8716 0.394221 0.532381 0.050981 0.085101 9 0.8702 0.924006 0.889463 0.130515 0.215306 1 0.8520 0.215018 0.656781 0.023910 0.068275 3 0.8272 0.511473 0.411486 0.029245 0.045443 2 0.8218 0.485928 0.444619 0.027415 0.051790 0 0.8217 0.787620 0.714656 0.030047 0.088811 0 0.8159 0.787762 0.617012 0.025987 0.081475 3 0.8073 0.291695 0.567744 0.049562 0.056116 0 0.8042 0.735626 0.614776 0.026857 0.081233 1 0.7936 0.901755 0.662240 0.022688 0.072304 0 0.7635 0.330808 0.650265 0.028031 0.072503 1 0.7597 0.352977 0.496598 0.018647 0.048950 0 0.7523 0.306932 0.488863 0.022501 0.060292 0 0.7240 0.265074 0.545841 0.026071 0.060167 0 0.6863 0.856850 0.639287 0.030372 0.082937 1 0.6602 0.241287 0.608721 0.021272 0.060451 3 0.4865 0.215997 0.958116 0.079806 0.083334 10 0.4462 0.017711 0.661051 0.034979 0.277865 4 0.3209 0.924227 0.887417 0.128963 0.217016 3 0.3181 0.527953 0.376996 0.030596 0.043017 1 0.3096 0.736060 0.952990 0.019663 0.059893 0 0.2442 0.906896 0.624032 0.027225 0.088017 3 0.2171 0.122785 0.951571 0.098130 0.096567 1 0.1908 0.992039 0.724046 0.015903 0.094970 0 0.1781 0.293180 0.451965 0.028499 0.056247 2 0.1631 0.480508 0.421971 0.025212 0.036833 1 0.1467 0.395107 0.391253 0.017574 0.040286 1 0.1254 0.905985 0.631087 0.026227 0.088100 2 0.1166 0.993666 0.722126 0.012564 0.094707
CCTV01^20260318-110000-20260318-120000_000267,7 0.9210 0.746127 0.877732 0.069451 0.213488 5 0.9185 0.305543 0.582279 0.064593 0.097674 3 0.9174 0.311813 0.667847 0.066110 0.089363 10 0.9158 0.768105 0.598160 0.126367 0.260065 3 0.9154 0.525054 0.877075 0.066246 0.194211 3 0.9124 0.366490 0.512986 0.064153 0.070760 9 0.9066 0.746340 0.878291 0.071274 0.214233 10 0.9037 0.254527 0.487387 0.144890 0.173204 10 0.8897 0.104714 0.523595 0.151944 0.192155 3 0.8874 0.622913 0.404566 0.031977 0.067230 3 0.8867 0.422159 0.462067 0.048342 0.052296 4 0.8861 0.360688 0.572280 0.049076 0.092431 3 0.8764 0.763241 0.478453 0.033865 0.057087 10 0.8743 0.206504 0.434259 0.099685 0.139466 3 0.8665 0.364273 0.440565 0.031567 0.048562 10 0.8637 0.093996 0.730002 0.187991 0.291102 3 0.8527 0.401179 0.533464 0.046458 0.064919 3 0.8520 0.480362 0.435753 0.035175 0.048573 4 0.8386 0.111161 0.821629 0.108536 0.157998 0 0.8356 0.235425 0.743653 0.030444 0.092242 1 0.8236 0.819336 0.932044 0.032828 0.097199 0 0.8149 0.349217 0.926931 0.043526 0.105168 9 0.8096 0.390351 0.383118 0.046615 0.077430 0 0.8056 0.207811 0.680831 0.033225 0.075042 0 0.7998 0.795215 0.742445 0.033888 0.083110 0 0.7814 0.176088 0.733274 0.038223 0.087873 1 0.7812 0.684506 0.609456 0.021497 0.066274 10 0.7809 0.672071 0.385760 0.057950 0.134924 0 0.7780 0.250166 0.836564 0.036479 0.093700 2 0.7582 0.980611 0.728486 0.038155 0.096359 0 0.7527 0.859995 0.515098 0.023382 0.060688 0 0.7334 0.305785 0.510355 0.030441 0.056920 0 0.6339 0.236681 0.632467 0.034248 0.066630 5 0.6288 0.110629 0.817027 0.111933 0.146803 4 0.5688 0.456697 0.471422 0.049335 0.087057 10 0.5682 0.026234 0.652877 0.052201 0.266896 1 0.4804 0.275782 0.956098 0.019698 0.063110 2 0.4519 0.110810 0.817664 0.111977 0.146500 2 0.3424 0.030267 0.920137 0.060516 0.142688 0 0.1548 0.340546 0.421057 0.022067 0.048631 6 0.1364 0.776943 0.398538 0.073445 0.126329
CCTV01^20260318-110000-20260318-120000_000271,6 0.9636 0.862976 0.543411 0.091178 0.194681 7 0.9413 0.230932 0.755529 0.054550 0.148386 3 0.9230 0.737646 0.891670 0.062731 0.159682 10 0.9224 0.144628 0.645891 0.185759 0.264258 3 0.9186 0.711219 0.605785 0.052921 0.086572 3 0.9179 0.524336 0.876755 0.065280 0.193479 3 0.9108 0.730344 0.495512 0.038484 0.073251 10 0.9108 0.818054 0.649139 0.159057 0.290697 10 0.8928 0.103858 0.531762 0.154437 0.204062 10 0.8849 0.207686 0.430288 0.105030 0.143323 10 0.8788 0.346707 0.433346 0.135540 0.170456 3 0.8749 0.388359 0.564302 0.052681 0.077112 3 0.8737 0.473973 0.433954 0.037245 0.045535 2 0.8590 0.348303 0.498966 0.048386 0.077467 1 0.8587 0.895266 0.863629 0.026702 0.091550 1 0.8478 0.304967 0.620326 0.027280 0.058877 0 0.8470 0.305565 0.851169 0.039350 0.122976 0 0.8328 0.257181 0.875088 0.038746 0.101357 0 0.8315 0.903865 0.944236 0.049578 0.107375 1 0.8190 0.315089 0.959065 0.034539 0.074784 3 0.8177 0.471377 0.477968 0.039651 0.050363 0 0.8149 0.265826 0.573737 0.024987 0.062744 2 0.8135 0.438288 0.462265 0.026235 0.057785 0 0.7636 0.629167 0.569991 0.024918 0.063709 2 0.7569 0.789297 0.457714 0.022989 0.060355 2 0.7444 0.809810 0.489711 0.023449 0.062371 4 0.7302 0.509720 0.394136 0.033512 0.057155 9 0.7129 0.630944 0.421897 0.042780 0.106600 0 0.7064 0.306897 0.541582 0.025242 0.067093 1 0.6914 0.381775 0.519898 0.020380 0.044975 2 0.6332 0.019771 0.945003 0.039124 0.081031 2 0.6078 0.981236 0.727729 0.037370 0.091386 10 0.4756 0.025242 0.654538 0.050238 0.259910 6 0.4097 0.207125 0.429232 0.098015 0.138028 1 0.4077 0.689786 0.401455 0.017561 0.051165 0 0.3669 0.764191 0.443904 0.020874 0.057678 0 0.3038 0.259277 0.521245 0.019411 0.053974 12 0.2594 0.630790 0.419162 0.044505 0.107198 10 0.2574 0.260720 0.364949 0.104794 0.118511 1 0.2019 0.307362 0.537294 0.025156 0.064042 1 0.1311 0.602533 0.565538 0.016966 0.043856 0 0.1228 0.277284 0.490231 0.023918 0.050485 10 0.1207 0.020886 0.843652 0.041041 0.312696
CCTV01^20260318-110000-20260318-120000_000275,6 0.9744 0.907548 0.630563 0.117784 0.234858 9 0.9732 0.722254 0.621160 0.078615 0.171548 6 0.9719 0.802400 0.711427 0.072669 0.226728 10 0.9190 0.250829 0.801351 0.132586 0.374284 3 0.9058 0.524472 0.876759 0.064848 0.191191 10 0.9050 0.230699 0.567049 0.177671 0.213190 3 0.9023 0.658446 0.520543 0.047066 0.065614 10 0.8889 0.103286 0.521302 0.153041 0.184219 10 0.8861 0.208510 0.433575 0.104743 0.142547 3 0.8858 0.668808 0.580852 0.041878 0.081896 3 0.8837 0.430860 0.469950 0.050400 0.065115 2 0.8616 0.856467 0.510270 0.043081 0.083482 3 0.8540 0.491172 0.428241 0.038347 0.052048 2 0.8523 0.863381 0.886548 0.050205 0.127455 2 0.8474 0.359265 0.466314 0.034413 0.070139 10 0.8414 0.414115 0.396039 0.125716 0.129400 2 0.8375 0.920924 0.827161 0.047128 0.112187 1 0.8038 0.395457 0.548270 0.025147 0.057436 1 0.7962 0.327834 0.673687 0.021211 0.065176 1 0.7906 0.778515 0.586514 0.019150 0.060682 0 0.7864 0.338295 0.844576 0.036483 0.108064 0 0.7745 0.888746 0.712006 0.046967 0.096698 0 0.7743 0.340377 0.615351 0.025303 0.068767 1 0.7709 0.307802 0.904733 0.027305 0.082564 1 0.7469 0.752921 0.524626 0.021666 0.065649 3 0.7340 0.816368 0.595299 0.037603 0.082322 1 0.7261 0.690879 0.734347 0.023656 0.078768 2 0.7230 0.981727 0.797337 0.036112 0.094985 1 0.6634 0.316924 0.957830 0.033344 0.069319 1 0.5877 0.829742 0.654831 0.019449 0.080697 0 0.5864 0.322968 0.491262 0.022766 0.056695 0 0.5815 0.328386 0.439408 0.019288 0.049560 10 0.4391 0.104915 0.842963 0.204617 0.314075 0 0.4066 0.880782 0.812021 0.043654 0.101616 2 0.2703 0.832037 0.446825 0.025610 0.059200
CCTV01^20260318-110000-20260318-120000_000279,10 0.9392 0.303556 0.643928 0.127529 0.266994 3 0.9300 0.929064 0.874574 0.095066 0.163646 10 0.9271 0.164393 0.773590 0.167449 0.360067 3 0.9236 0.768913 0.838325 0.057127 0.148907 3 0.9215 0.731536 0.706279 0.053990 0.120236 10 0.9120 0.103492 0.528153 0.150470 0.194540 3 0.9107 0.524459 0.876469 0.066472 0.189433 10 0.9025 0.364116 0.462580 0.126700 0.162670 10 0.8859 0.208045 0.429492 0.103692 0.132815 3 0.8771 0.237421 0.920711 0.072855 0.137041 10 0.8733 0.175555 0.603091 0.197743 0.234170 9 0.8451 0.841478 0.894266 0.101577 0.211469 11 0.8449 0.745605 0.532024 0.094224 0.187601 2 0.8316 0.810455 0.457543 0.025506 0.058706 1 0.8257 0.305537 0.826597 0.026320 0.081512 0 0.8242 0.333439 0.871858 0.037620 0.089432 0 0.8236 0.060925 0.744236 0.041011 0.090922 0 0.8025 0.328805 0.769063 0.030828 0.099228 6 0.7680 0.955449 0.755429 0.089102 0.304701 3 0.7658 0.749514 0.944923 0.069596 0.106052 3 0.7421 0.378761 0.945827 0.101997 0.101988 10 0.7344 0.489154 0.345613 0.077091 0.106003 10 0.5482 0.956377 0.798621 0.086944 0.393651 1 0.4346 0.224568 0.823736 0.031369 0.082311 11 0.3878 0.843467 0.899272 0.106634 0.201456 2 0.3476 0.014445 0.805050 0.028647 0.113633 2 0.3399 0.106235 0.741235 0.040363 0.080853 2 0.2510 0.904937 0.629233 0.037843 0.088288 5 0.2287 0.377984 0.946909 0.103182 0.099328 10 0.2281 0.680642 0.383015 0.054817 0.136129 9 0.2255 0.746032 0.532051 0.097690 0.185966 10 0.1804 0.014917 0.696163 0.029833 0.286703 4 0.1737 0.380641 0.946944 0.103203 0.102823 1 0.1035 0.254754 0.809915 0.029226 0.086881 2 0.1002 0.285143 0.958059 0.041973 0.073737
CCTV01^20260318-110000-20260318-120000_000283,10 0.9242 0.815214 0.685195 0.146377 0.313444 3 0.9131 0.524474 0.876309 0.066641 0.195944 10 0.9102 0.268672 0.605784 0.149743 0.246942 3 0.9036 0.326870 0.840155 0.070893 0.127242 10 0.9023 0.208713 0.429220 0.103785 0.131664 3 0.8984 0.269641 0.766243 0.072589 0.106167 3 0.8922 0.802820 0.505825 0.036652 0.078287 10 0.8856 0.103168 0.525275 0.150711 0.187967 10 0.8722 0.363526 0.457147 0.125930 0.166335 3 0.8322 0.366145 0.597078 0.067277 0.085003 2 0.8218 0.949467 0.844237 0.048780 0.126251 2 0.8209 0.950438 0.659537 0.041121 0.083269 1 0.8206 0.393284 0.853030 0.032246 0.090759 3 0.8051 0.836315 0.932124 0.061551 0.135225 0 0.8043 0.255375 0.891313 0.044915 0.111291 0 0.8024 0.308338 0.687111 0.031082 0.072529 10 0.7985 0.091241 0.761433 0.182482 0.333015 2 0.7959 0.702384 0.469555 0.025189 0.061890 2 0.7755 0.901686 0.594541 0.036440 0.077818 1 0.7624 0.219796 0.840256 0.031249 0.080291 11 0.7564 0.670147 0.466231 0.052580 0.131238 0 0.6433 0.990976 0.737928 0.017992 0.087984 5 0.6357 0.365501 0.929018 0.110047 0.137133 0 0.6101 0.984234 0.882169 0.031401 0.115991 9 0.5313 0.670938 0.465361 0.050783 0.133327 3 0.5102 0.760855 0.968155 0.058913 0.063690 1 0.4387 0.718931 0.426250 0.020574 0.051246 0 0.4127 0.804190 0.427977 0.019488 0.052679 1 0.2722 0.431074 0.471289 0.023247 0.051877 4 0.2641 0.374476 0.928366 0.124792 0.141392 10 0.2184 0.485115 0.402237 0.083144 0.130803 0 0.1544 0.354475 0.538547 0.024509 0.053792 0 0.1522 0.010838 0.669942 0.021677 0.079209 2 0.1427 0.230577 0.955344 0.054657 0.079868 8 0.1283 0.904794 0.960986 0.147653 0.078029 1 0.1152 0.208946 0.901799 0.029695 0.063632
CCTV01^20260318-110000-20260318-120000_000287,3 0.9344 0.315153 0.678059 0.051769 0.095136 3 0.9317 0.759896 0.679580 0.050816 0.120074 10 0.9314 0.174045 0.725445 0.195097 0.338314 3 0.9185 0.693891 0.469939 0.040362 0.063683 3 0.9159 0.524505 0.876782 0.065322 0.194598 10 0.9046 0.306110 0.530305 0.170675 0.182390 10 0.8962 0.209537 0.430790 0.105120 0.133921 10 0.8905 0.103476 0.520602 0.149785 0.184493 2 0.8876 0.231582 0.866335 0.042129 0.122652 10 0.8798 0.462258 0.416142 0.101415 0.148858 11 0.8662 0.739321 0.865269 0.120357 0.264124 5 0.8631 0.311767 0.822397 0.072844 0.159324 2 0.8527 0.900426 0.713717 0.062971 0.145028 0 0.8483 0.425928 0.892168 0.057449 0.114051 3 0.8218 0.250340 0.780322 0.074433 0.120505 1 0.8191 0.786565 0.843644 0.033308 0.102063 3 0.7892 0.050425 0.879850 0.092552 0.163813 0 0.7616 0.372570 0.844111 0.040977 0.103737 1 0.7124 0.612154 0.429761 0.023798 0.043818 1 0.6986 0.634073 0.424505 0.017623 0.052324 10 0.6904 0.066730 0.676612 0.133461 0.256665 2 0.6651 0.988800 0.733813 0.022375 0.093060 5 0.6410 0.045366 0.878248 0.083931 0.151659 0 0.5994 0.795194 0.468983 0.022039 0.058063 0 0.5615 0.273563 0.624348 0.023535 0.066842 2 0.4697 0.927814 0.611327 0.048580 0.082315 7 0.4232 0.899972 0.714923 0.061411 0.143218 5 0.4123 0.095802 0.939395 0.120017 0.121210 6 0.4033 0.319541 0.930305 0.142806 0.131557 0 0.3837 0.955632 0.796187 0.035768 0.110493 3 0.3346 0.166380 0.957036 0.078567 0.079795 3 0.3088 0.406754 0.539329 0.023845 0.064855 10 0.2907 0.926860 0.887039 0.145432 0.225922 1 0.2814 0.407054 0.498443 0.015422 0.043722 10 0.2412 0.411821 0.410183 0.113868 0.123876 1 0.2334 0.201073 0.862534 0.027550 0.091392 0 0.2016 0.306888 0.420276 0.021342 0.046670 0 0.1208 0.259011 0.884892 0.020223 0.063304 3 0.1104 0.393277 0.949434 0.091404 0.098806
CCTV01^20260318-110000-20260318-120000_000291,6 0.9754 0.286416 0.890074 0.126738 0.213014 3 0.9261 0.842712 0.837560 0.089868 0.156949 10 0.9244 0.304271 0.570480 0.151266 0.221030 3 0.9095 0.525052 0.876657 0.066355 0.193429 3 0.9090 0.314717 0.832322 0.066753 0.119796 3 0.9083 0.215703 0.849462 0.069338 0.132738 10 0.9023 0.429061 0.444725 0.117643 0.145740 10 0.8982 0.207931 0.434625 0.106610 0.143512 5 0.8846 0.676494 0.446527 0.038977 0.081146 10 0.8822 0.103500 0.521318 0.152875 0.184107 5 0.8792 0.220517 0.703512 0.067079 0.127194 10 0.8674 0.111446 0.623507 0.213163 0.248170 0 0.8524 0.651982 0.836983 0.035020 0.125217 2 0.8475 0.260787 0.709284 0.041291 0.096629 0 0.8339 0.312474 0.709232 0.034133 0.092692 0 0.8242 0.961643 0.670787 0.034210 0.092173 0 0.8231 0.893006 0.660686 0.033720 0.086715 3 0.7953 0.477239 0.471823 0.043497 0.058829 1 0.7915 0.841868 0.660135 0.024313 0.083545 0 0.7863 0.271667 0.746542 0.027230 0.080786 0 0.7597 0.346039 0.768934 0.036333 0.093376 0 0.7548 0.795265 0.472734 0.021386 0.053576 3 0.7200 0.142784 0.947402 0.074595 0.102773 0 0.7105 0.186726 0.639396 0.031769 0.073274 5 0.6972 0.374889 0.573543 0.061897 0.091012 2 0.6690 0.259044 0.481164 0.022615 0.058602 3 0.6168 0.497921 0.418497 0.029382 0.050827 3 0.3633 0.405850 0.946220 0.103450 0.107560 1 0.1815 0.659457 0.391041 0.014811 0.042726 10 0.1756 0.024468 0.627088 0.048937 0.209404 10 0.1659 0.460261 0.372018 0.084265 0.113999 4 0.1605 0.403738 0.944025 0.104801 0.108799 1 0.1584 0.814766 0.454310 0.018283 0.046834 10 0.1447 0.054637 0.867515 0.108482 0.264970 1 0.1106 0.333192 0.631712 0.022666 0.055146
CCTV01^20260318-110000-20260318-120000_000295,6 0.9758 0.260413 0.866695 0.113482 0.253666 6 0.9665 0.821127 0.636911 0.072470 0.232557 10 0.9207 0.349498 0.521176 0.132663 0.194834 3 0.9179 0.525039 0.876730 0.065536 0.192027 3 0.9126 0.346911 0.864828 0.082790 0.134871 3 0.9101 0.154857 0.885285 0.069095 0.142554 10 0.9091 0.140739 0.704178 0.186098 0.296091 3 0.9061 0.302903 0.750060 0.051974 0.102719 2 0.8839 0.354952 0.939551 0.053488 0.100902 10 0.8818 0.102145 0.529476 0.154744 0.199850 3 0.8772 0.483388 0.462752 0.041761 0.055158 10 0.8761 0.208330 0.435197 0.101525 0.145310 10 0.8725 0.240656 0.521950 0.164034 0.184122 10 0.8709 0.448862 0.427082 0.106539 0.132304 2 0.8677 0.262762 0.683714 0.034192 0.089650 0 0.8596 0.651507 0.843810 0.041966 0.133984 5 0.8573 0.284549 0.619917 0.076894 0.105206 3 0.8340 0.049928 0.924547 0.099856 0.148818 0 0.8127 0.756426 0.611715 0.025833 0.083018 5 0.7755 0.398558 0.539534 0.053751 0.087543 0 0.7747 0.301572 0.663546 0.027421 0.073382 0 0.7596 0.229014 0.690643 0.027112 0.077952 3 0.6286 0.986804 0.898617 0.026391 0.150022 0 0.6165 0.355678 0.594490 0.028314 0.063601 2 0.6005 0.283248 0.619034 0.076944 0.093055 10 0.5103 0.028216 0.654420 0.056011 0.257007 0 0.4750 0.815080 0.468665 0.023800 0.059074 0 0.3564 0.389692 0.567492 0.021765 0.046029 0 0.3092 0.836881 0.497669 0.023384 0.051967 10 0.2090 0.037300 0.826293 0.074599 0.347415
CCTV01^20260318-110000-20260318-120000_000299,6 0.9746 0.259109 0.860723 0.113016 0.248274 3 0.9270 0.742779 0.806828 0.058282 0.140166 5 0.9254 0.066718 0.844318 0.126493 0.170516 3 0.9191 0.326754 0.815087 0.073633 0.113769 10 0.9142 0.237203 0.581906 0.147912 0.224175 3 0.9140 0.524882 0.876840 0.067611 0.194944 3 0.9113 0.300777 0.722850 0.046420 0.100187 3 0.9079 0.956051 0.867421 0.087476 0.157384 10 0.9076 0.208120 0.435448 0.106930 0.144675 3 0.9072 0.164210 0.843256 0.064671 0.133167 3 0.8944 0.160141 0.737840 0.082265 0.104394 10 0.8921 0.103261 0.524360 0.151123 0.186630 5 0.8907 0.372799 0.519589 0.060330 0.079400 2 0.8754 0.334797 0.880606 0.048606 0.096004 10 0.8707 0.422962 0.432992 0.099345 0.133572 3 0.8653 0.420165 0.928648 0.097622 0.132885 3 0.8570 0.479757 0.467479 0.043234 0.056265 2 0.8523 0.357166 0.950531 0.055866 0.083543 0 0.8493 0.649423 0.835894 0.038826 0.119861 2 0.8293 0.259777 0.656522 0.033318 0.085065 1 0.8175 0.889447 0.639669 0.020745 0.068606 3 0.8158 0.504056 0.429702 0.033334 0.049846 0 0.8143 0.791755 0.559907 0.020856 0.067637 0 0.8096 0.772541 0.683992 0.028850 0.087602 0 0.7719 0.930619 0.918454 0.055378 0.130313 0 0.7682 0.867685 0.575561 0.027384 0.067517 10 0.7597 0.080709 0.749530 0.159481 0.309450 1 0.7472 0.691652 0.804271 0.027221 0.087596 0 0.7435 0.301090 0.644880 0.025336 0.065421 0 0.7235 0.229397 0.678350 0.029244 0.072538 0 0.7165 0.786409 0.445170 0.021240 0.053945 10 0.6494 0.352885 0.439523 0.123052 0.153197 1 0.6261 0.774752 0.623014 0.021035 0.060002 5 0.5870 0.430070 0.501558 0.051899 0.079762 0 0.5591 0.861146 0.541933 0.031301 0.067058 3 0.5575 0.115248 0.943490 0.068841 0.110820 0 0.4796 0.391019 0.537683 0.027444 0.057743 0 0.4704 0.325483 0.614594 0.025813 0.085136 6 0.3448 0.850805 0.900816 0.094617 0.190601 1 0.3435 0.327114 0.622029 0.023534 0.068673 2 0.2586 0.929397 0.914813 0.051585 0.124252 2 0.1787 0.294306 0.380251 0.018644 0.041904 5 0.1531 0.115413 0.943223 0.067870 0.110779
CCTV01^20260318-110000-20260318-120000_000303,3 0.9184 0.178259 0.790412 0.063960 0.119931 3 0.9152 0.123784 0.912347 0.068288 0.143138 3 0.9101 0.524810 0.874393 0.067663 0.187158 5 0.9084 0.130874 0.747475 0.090842 0.140011 3 0.9056 0.351940 0.818458 0.084194 0.112839 10 0.9036 0.155914 0.624220 0.189365 0.252679 10 0.9005 0.102737 0.529009 0.151277 0.199258 6 0.8993 0.246683 0.769489 0.069030 0.221408 3 0.8973 0.757508 0.927371 0.061618 0.128855 10 0.8944 0.209310 0.434806 0.108033 0.140917 10 0.8922 0.311524 0.498696 0.129002 0.178616 3 0.8910 0.382389 0.515215 0.049537 0.057287 3 0.8862 0.208784 0.673128 0.075127 0.092176 3 0.8781 0.399616 0.545442 0.042698 0.069023 0 0.8635 0.692699 0.857460 0.035256 0.143426 2 0.8592 0.310728 0.680382 0.035772 0.090049 2 0.8535 0.269875 0.594213 0.030270 0.069328 0 0.8512 0.652149 0.837872 0.032669 0.128440 0 0.8478 0.904320 0.703002 0.035399 0.102658 5 0.8355 0.492139 0.428189 0.035459 0.067493 2 0.8185 0.328140 0.624630 0.036908 0.078301 3 0.8088 0.270909 0.665810 0.065317 0.085778 0 0.8039 0.335335 0.879593 0.049371 0.120903 1 0.7994 0.857120 0.792543 0.026429 0.097730 10 0.7856 0.408557 0.402153 0.105517 0.134568 1 0.7801 0.127471 0.811179 0.032968 0.068727 2 0.7641 0.979701 0.922113 0.040385 0.155773 0 0.7520 0.308110 0.909093 0.037533 0.110258 0 0.7392 0.830394 0.488501 0.023798 0.062435 0 0.6298 0.847610 0.478591 0.022462 0.061482 0 0.3219 0.410274 0.907100 0.037695 0.120764 3 0.3196 0.227495 0.943894 0.070367 0.109801 5 0.3196 0.481212 0.392739 0.034445 0.056214 0 0.2765 0.891197 0.596055 0.023266 0.078343 0 0.2356 0.395553 0.468093 0.024665 0.035727 10 0.2131 0.669468 0.339295 0.045752 0.116232 10 0.2028 0.020366 0.657909 0.040731 0.272804 10 0.1745 0.030858 0.865082 0.061715 0.269836 5 0.1609 0.247313 0.766246 0.074352 0.214531 1 0.1555 0.808328 0.478052 0.016613 0.058509 0 0.1273 0.237683 0.607927 0.028937 0.057120 0 0.1232 0.819532 0.944336 0.038217 0.084469 0 0.1227 0.302630 0.820110 0.028258 0.076877 0 0.1008 0.384436 0.461087 0.028137 0.043709
CCTV01^20260318-110000-20260318-120000_000307,3 0.9231 0.156656 0.800591 0.072860 0.119666 3 0.9220 0.254754 0.767847 0.060393 0.116189 10 0.9170 0.208277 0.587403 0.185648 0.228968 5 0.9112 0.242039 0.634676 0.089832 0.113857 3 0.9106 0.816234 0.844908 0.088696 0.162838 10 0.9096 0.822857 0.657301 0.153791 0.311616 3 0.9057 0.256947 0.685655 0.080107 0.095295 10 0.9022 0.336648 0.482492 0.124546 0.180548 3 0.9000 0.524913 0.876369 0.067362 0.193705 10 0.8992 0.208721 0.434182 0.103254 0.142890 3 0.8969 0.217718 0.894147 0.075014 0.158575 3 0.8929 0.139080 0.926486 0.077234 0.140328 3 0.8892 0.333433 0.648992 0.055195 0.089696 10 0.8841 0.103468 0.526965 0.152247 0.194331 3 0.8665 0.381337 0.868516 0.098876 0.149408 3 0.8664 0.385111 0.562597 0.059036 0.070275 3 0.8628 0.414189 0.481707 0.048359 0.058160 2 0.8536 0.097228 0.761337 0.045514 0.105218 1 0.8531 0.193923 0.706393 0.029745 0.070819 0 0.8334 0.734385 0.871801 0.074186 0.118396 2 0.8176 0.888255 0.563896 0.035707 0.067410 0 0.8050 0.276144 0.853582 0.037758 0.114461 1 0.8018 0.160138 0.704549 0.038926 0.066096 10 0.7923 0.046876 0.784065 0.093752 0.354427 0 0.7800 0.308405 0.839722 0.040612 0.099905 1 0.7729 0.707827 0.556593 0.020876 0.064593 0 0.7681 0.308366 0.925052 0.035523 0.091720 0 0.7667 0.903947 0.640354 0.033908 0.084389 0 0.7341 0.332827 0.741111 0.035375 0.087831 1 0.7093 0.707178 0.502437 0.020343 0.056627 0 0.7054 0.318251 0.578247 0.037848 0.054675 0 0.6663 0.285987 0.782724 0.027995 0.073587 0 0.6361 0.305969 0.709488 0.030229 0.083568 10 0.5831 0.464208 0.357610 0.088973 0.111420 1 0.5687 0.776935 0.476504 0.016436 0.045082 0 0.4672 0.385535 0.505771 0.021874 0.049912 1 0.4295 0.779815 0.445854 0.015063 0.046486 2 0.3132 0.329969 0.538881 0.039004 0.058380 4 0.2587 0.658928 0.448669 0.051963 0.104369 1 0.2507 0.385208 0.505113 0.023491 0.052128 0 0.2447 0.370779 0.952362 0.043457 0.081558 2 0.1940 0.357007 0.354854 0.021805 0.041911 9 0.1926 0.659171 0.448180 0.054051 0.107581 2 0.1771 0.455306 0.418502 0.037962 0.086801 0 0.1180 0.463266 0.923590 0.052413 0.117221 1 0.1121 0.761516 0.410103 0.015713 0.046425 0 0.1066 0.339657 0.764159 0.030603 0.063928
CCTV01^20260318-110000-20260318-120000_000311,3 0.9325 0.761087 0.850399 0.074498 0.164642 3 0.9211 0.171035 0.779684 0.068428 0.112691 3 0.9126 0.246770 0.764119 0.070798 0.126051 3 0.9072 0.260799 0.659223 0.081506 0.101230 3 0.8990 0.524520 0.876079 0.067747 0.192421 10 0.8973 0.208442 0.433337 0.103684 0.141842 10 0.8952 0.311900 0.494597 0.138640 0.183006 3 0.8934 0.307717 0.590921 0.071928 0.073155 10 0.8894 0.103246 0.532550 0.153654 0.205015 10 0.8889 0.093769 0.662476 0.184268 0.260846 3 0.8666 0.321482 0.744439 0.066788 0.092248 1 0.8448 0.838160 0.910209 0.033752 0.105557 2 0.8369 0.745254 0.604510 0.036673 0.076451 10 0.8141 0.400769 0.421295 0.101117 0.147204 0 0.8118 0.306857 0.904544 0.046337 0.114340 0 0.8087 0.358776 0.831651 0.045782 0.099406 0 0.8056 0.763397 0.534031 0.024119 0.070698 0 0.7961 0.980505 0.710824 0.038311 0.097512 0 0.7946 0.300817 0.804422 0.039439 0.096075 0 0.7882 0.266562 0.827967 0.040523 0.113769 0 0.7868 0.348378 0.905212 0.046120 0.102151 0 0.7844 0.326181 0.664632 0.030750 0.077037 1 0.7842 0.833562 0.791739 0.027266 0.090143 11 0.7777 0.863493 0.635249 0.127862 0.204835 5 0.7747 0.466632 0.461551 0.043163 0.068218 9 0.7704 0.936921 0.933279 0.126159 0.133441 0 0.7403 0.418280 0.472156 0.029615 0.059484 1 0.7397 0.400014 0.529057 0.026095 0.052533 0 0.7107 0.776321 0.445742 0.025332 0.057951 0 0.7082 0.395674 0.831603 0.041871 0.081912 3 0.6961 0.488472 0.429142 0.031707 0.048459 3 0.6144 0.354489 0.612961 0.046260 0.078753 0 0.6107 0.879871 0.546112 0.023658 0.056406 0 0.5824 0.824332 0.467042 0.025775 0.060187 0 0.5330 0.362983 0.533253 0.032130 0.060637 0 0.5008 0.400176 0.936907 0.043906 0.090070 3 0.4713 0.466810 0.460394 0.041650 0.067577 3 0.4201 0.987350 0.934738 0.025300 0.106173 7 0.4166 0.936411 0.931916 0.125801 0.136168 1 0.3128 0.401952 0.908589 0.046569 0.140888 0 0.3080 0.512336 0.439311 0.021001 0.047263 0 0.3038 0.992539 0.719576 0.014642 0.077495 11 0.2634 0.937527 0.928236 0.123030 0.143529 3 0.2612 0.748120 0.968866 0.066560 0.062268 3 0.2611 0.308577 0.389556 0.033299 0.042658 0 0.2407 0.393763 0.477611 0.021555 0.052812 1 0.2097 0.362069 0.544819 0.036110 0.064059 0 0.1517 0.362509 0.511177 0.026376 0.056202 0 0.1310 0.847544 0.528614 0.021692 0.063072 1 0.1308 0.405701 0.869054 0.033456 0.066962
CCTV01^20260318-110000-20260318-120000_000315,3 0.9317 0.230657 0.801148 0.065156 0.120429 10 0.9279 0.122158 0.792789 0.233765 0.372306 3 0.9237 0.250793 0.913724 0.065788 0.149084 3 0.9049 0.524327 0.875851 0.066669 0.191580 3 0.8916 0.657395 0.465380 0.032970 0.074163 10 0.8910 0.102939 0.530283 0.154290 0.203119 10 0.8899 0.208626 0.431780 0.104891 0.138254 3 0.8853 0.341908 0.603661 0.075664 0.087240 3 0.8827 0.306195 0.582868 0.070214 0.072677 0 0.8727 0.864785 0.799191 0.050290 0.109028 10 0.8585 0.368840 0.438159 0.111526 0.150751 3 0.8536 0.450046 0.475584 0.044046 0.055341 3 0.8504 0.307101 0.694735 0.049155 0.114858 2 0.8466 0.811963 0.677888 0.035385 0.097267 0 0.8247 0.976423 0.768801 0.042955 0.109786 3 0.8007 0.495260 0.442574 0.033585 0.045288 0 0.7871 0.878488 0.894265 0.039139 0.117316 1 0.7688 0.749054 0.487848 0.021306 0.057200 3 0.7639 0.485184 0.485006 0.047491 0.051095 0 0.7528 0.986621 0.709453 0.025526 0.075063 0 0.7450 0.280853 0.807154 0.033829 0.085937 0 0.7432 0.350693 0.784762 0.050560 0.087876 0 0.7348 0.308334 0.926827 0.040345 0.088255 0 0.7342 0.253322 0.603633 0.026065 0.066591 10 0.7265 0.136749 0.593688 0.148296 0.211827 0 0.7068 0.281688 0.528578 0.022984 0.052239 0 0.7052 0.237605 0.633947 0.032013 0.082269 0 0.6703 0.359676 0.530188 0.028804 0.058566 0 0.6645 0.807848 0.475813 0.023312 0.060813 3 0.6556 0.424006 0.451878 0.038789 0.044566 0 0.5701 0.355285 0.948085 0.035540 0.085354 10 0.5655 0.445710 0.377666 0.086866 0.122625 5 0.5654 0.404967 0.540949 0.043689 0.081681 0 0.5424 0.269081 0.488251 0.026828 0.052316 0 0.5151 0.912790 0.604180 0.031165 0.087581 0 0.4990 0.245880 0.567631 0.025399 0.059066 3 0.4789 0.177412 0.944792 0.064141 0.110417 0 0.4759 0.414266 0.471429 0.022819 0.052488 0 0.3422 0.253612 0.531184 0.023515 0.058158 0 0.3251 0.854052 0.590169 0.036480 0.089056 2 0.3088 0.361752 0.498244 0.027700 0.044699 0 0.2919 0.288268 0.455710 0.018598 0.054228 1 0.2495 0.280242 0.747182 0.033060 0.099457 0 0.2292 0.394667 0.472307 0.022066 0.052563 3 0.2250 0.495358 0.402541 0.033543 0.051710 1 0.2175 0.667463 0.402963 0.018183 0.048633 3 0.2083 0.651154 0.380949 0.028232 0.051155 2 0.2025 0.853626 0.590474 0.034341 0.079706 5 0.1975 0.495412 0.402567 0.033390 0.052025 0 0.1869 0.778487 0.414600 0.021271 0.049261 10 0.1789 0.022045 0.661638 0.043960 0.281767 0 0.1086 0.281893 0.761603 0.031051 0.084698
CCTV01^20260318-110000-20260318-120000_000319,3 0.9227 0.697446 0.726571 0.063336 0.128349 10 0.9196 0.237515 0.637573 0.174778 0.273209 10 0.9134 0.794833 0.740269 0.138160 0.351185 3 0.9043 0.188827 0.879496 0.060890 0.134835 3 0.9004 0.524221 0.875738 0.068488 0.190705 3 0.8969 0.136706 0.839830 0.086058 0.124442 3 0.8962 0.248059 0.812255 0.051323 0.130996 10 0.8853 0.208536 0.426019 0.105238 0.124520 10 0.8675 0.103224 0.528215 0.153398 0.197436 3 0.8626 0.413308 0.475894 0.047099 0.052829 3 0.8567 0.299414 0.681660 0.068201 0.097193 10 0.8157 0.158398 0.572356 0.142958 0.213572 2 0.8085 0.072834 0.854660 0.054207 0.117846 3 0.8064 0.483097 0.439925 0.037800 0.059998 3 0.7985 0.509990 0.398848 0.032530 0.046060 2 0.7948 0.314070 0.779534 0.040638 0.078680 0 0.7883 0.309533 0.721532 0.032171 0.077571 0 0.7798 0.291432 0.822641 0.031468 0.083270 0 0.7771 0.868128 0.566384 0.023867 0.080426 3 0.7763 0.421031 0.434723 0.033769 0.045884 1 0.7748 0.645703 0.463644 0.026594 0.048158 0 0.7720 0.981197 0.800786 0.037607 0.113425 0 0.7656 0.931799 0.658576 0.033814 0.086995 0 0.7174 0.230818 0.909552 0.046525 0.133458 1 0.6987 0.921958 0.758724 0.028443 0.095861 3 0.6863 0.447076 0.476357 0.045870 0.056239 0 0.6684 0.268559 0.866013 0.030252 0.091538 1 0.6217 0.322837 0.436228 0.019431 0.045839 10 0.5815 0.234886 0.548738 0.151384 0.186840 10 0.5442 0.054571 0.728541 0.108895 0.272814 0 0.4825 0.324155 0.680032 0.029545 0.056934 10 0.4348 0.466496 0.363467 0.093404 0.112216 0 0.4150 0.142042 0.740426 0.030766 0.077703 0 0.3865 0.780043 0.405041 0.018680 0.050039 6 0.3748 0.053438 0.724774 0.106876 0.256853 0 0.3517 0.378780 0.411882 0.022596 0.053020 10 0.2949 0.374979 0.905768 0.196789 0.188465 3 0.2022 0.532081 0.360432 0.025726 0.039206 0 0.1480 0.091652 0.777218 0.047004 0.073271 6 0.1268 0.377823 0.905750 0.204649 0.188501 1 0.1116 0.362507 0.519808 0.018374 0.049247 0 0.1084 0.483298 0.467348 0.021344 0.048416 2 0.1002 0.302918 0.419776 0.021777 0.045490
CCTV01^20260318-110000-20260318-120000_000323,5 0.9287 0.749753 0.822453 0.078851 0.191504 10 0.9170 0.338370 0.523615 0.130990 0.201253 3 0.9114 0.261026 0.654425 0.064803 0.085298 3 0.9088 0.524281 0.876378 0.067109 0.191890 10 0.8945 0.187787 0.533127 0.119267 0.180439 3 0.8904 0.262538 0.723708 0.054431 0.093838 3 0.8813 0.208359 0.927525 0.073037 0.124408 3 0.8807 0.207473 0.749761 0.059547 0.106291 10 0.8763 0.079625 0.808172 0.159251 0.323463 10 0.8620 0.685206 0.467176 0.082621 0.192904 10 0.8567 0.207772 0.429688 0.104725 0.130269 3 0.8397 0.152128 0.868543 0.071647 0.154307 2 0.8305 0.892754 0.916214 0.065839 0.136067 3 0.8260 0.447848 0.485582 0.046346 0.055308 3 0.8175 0.499110 0.440404 0.037189 0.060919 2 0.8100 0.263807 0.537094 0.030188 0.071876 1 0.8047 0.817148 0.922453 0.029655 0.080927 0 0.7924 0.832150 0.573792 0.025048 0.075096 0 0.7840 0.235719 0.595328 0.028454 0.067576 10 0.7736 0.103249 0.529030 0.153620 0.201348 0 0.7720 0.206891 0.816634 0.038201 0.098716 0 0.7566 0.298994 0.642668 0.026515 0.075069 0 0.7186 0.196891 0.680319 0.037731 0.069062 5 0.6973 0.300715 0.394111 0.049495 0.062297 2 0.6873 0.330219 0.640248 0.026149 0.064626 10 0.6797 0.353125 0.876273 0.181424 0.244987 10 0.6555 0.435242 0.412813 0.114140 0.136251 1 0.6350 0.793231 0.440401 0.017326 0.051422 0 0.6071 0.248708 0.820885 0.038890 0.104567 10 0.5279 0.101776 0.641734 0.203553 0.208519 3 0.3644 0.301010 0.394300 0.049656 0.062488 1 0.3436 0.013146 0.965337 0.026291 0.069327 8 0.3069 0.733291 0.952052 0.090122 0.095897 0 0.1580 0.261851 0.765070 0.028205 0.060410 7 0.1344 0.329858 0.643250 0.023144 0.063438
CCTV01^20260318-110000-20260318-120000_000327,3 0.9149 0.524162 0.876010 0.067429 0.196504 10 0.9025 0.783554 0.740329 0.156386 0.378415 3 0.9022 0.220790 0.886863 0.073124 0.139599 10 0.8980 0.253241 0.542047 0.182085 0.193455 3 0.8856 0.295056 0.591168 0.067014 0.077554 10 0.8739 0.102472 0.524577 0.154284 0.190462 10 0.8623 0.101897 0.790151 0.203793 0.374188 6 0.8431 0.319738 0.790158 0.107055 0.301142 3 0.8083 0.141493 0.944180 0.069694 0.107717 3 0.8045 0.180031 0.787527 0.080498 0.134167 0 0.7975 0.250151 0.733710 0.034625 0.087246 3 0.7687 0.458597 0.481643 0.045884 0.055180 10 0.7665 0.404943 0.452248 0.107866 0.157788 2 0.7610 0.909104 0.918618 0.062920 0.127634 0 0.7544 0.224838 0.659162 0.025294 0.072633 10 0.7267 0.323868 0.788193 0.110335 0.297927 0 0.6674 0.328126 0.606647 0.025713 0.064798 3 0.6658 0.066829 0.941384 0.101588 0.112195 0 0.6425 0.234436 0.768869 0.035746 0.084830 0 0.5317 0.281574 0.939525 0.049085 0.113975 1 0.5090 0.696923 0.459137 0.029630 0.054688 3 0.5073 0.263790 0.687193 0.036048 0.088388 1 0.4425 0.843539 0.688538 0.027055 0.093286 1 0.4221 0.702523 0.879669 0.031031 0.105507 3 0.3961 0.504728 0.399363 0.030900 0.044552 0 0.3860 0.262406 0.892956 0.040103 0.095991 5 0.3632 0.178424 0.789789 0.079355 0.136462 0 0.3625 0.297130 0.619727 0.023854 0.057717 2 0.3559 0.952774 0.654963 0.045214 0.090098 0 0.3052 0.925272 0.738126 0.049843 0.092932 10 0.2976 0.208675 0.433987 0.104522 0.146575 0 0.2749 0.702258 0.881342 0.031971 0.107877 10 0.2496 0.021692 0.657266 0.043305 0.281522 5 0.1875 0.785487 0.938160 0.080909 0.115129
CCTV01^20260318-110000-20260318-120000_000331,10 0.9090 0.787783 0.748300 0.164983 0.384452 10 0.8845 0.162993 0.689617 0.217786 0.303332 3 0.8822 0.324743 0.638336 0.064472 0.084531 3 0.8817 0.524343 0.875665 0.067699 0.191511 3 0.8769 0.169948 0.871977 0.077257 0.146132 3 0.8618 0.223013 0.725225 0.091666 0.117798 3 0.8528 0.112478 0.875799 0.072790 0.137144 10 0.8507 0.102280 0.520769 0.153462 0.182810 0 0.8317 0.285982 0.882428 0.040041 0.115067 3 0.8009 0.312447 0.807054 0.059848 0.120210 2 0.8001 0.376117 0.816873 0.054225 0.099440 0 0.7938 0.248241 0.851130 0.035088 0.098502 0 0.7896 0.224299 0.803866 0.042683 0.102493 0 0.7561 0.257461 0.750495 0.031529 0.095527 2 0.6899 0.156076 0.948265 0.048511 0.079429 10 0.6820 0.363757 0.471340 0.144556 0.154961 0 0.6687 0.700846 0.937248 0.044287 0.116545 8 0.6348 0.351537 0.886349 0.088348 0.188219 0 0.6337 0.031693 0.744836 0.040810 0.078953 7 0.6253 0.352664 0.886510 0.087876 0.195017 3 0.5801 0.375627 0.813604 0.055928 0.092211 2 0.5614 0.450584 0.966011 0.072725 0.067979 5 0.5470 0.221261 0.727555 0.092028 0.122546 10 0.4882 0.447811 0.471005 0.101769 0.136372 0 0.4388 0.892086 0.663172 0.040657 0.098483 3 0.3588 0.668348 0.437214 0.041172 0.073300 0 0.3140 0.328415 0.673332 0.030032 0.076589 10 0.3089 0.215876 0.424376 0.115498 0.144859 0 0.2884 0.805257 0.508968 0.028605 0.063484 12 0.1928 0.702119 0.940239 0.049097 0.119521 10 0.1760 0.023623 0.625622 0.047246 0.216223 5 0.1108 0.787947 0.941277 0.084931 0.106485
CCTV01^20260318-110000-20260318-120000_000335,10 0.9070 0.810734 0.777357 0.200125 0.407161 8 0.8946 0.302500 0.913593 0.125478 0.172813 10 0.8788 0.356820 0.507932 0.143478 0.200466 3 0.8740 0.238996 0.866802 0.065354 0.137714 3 0.8610 0.211508 0.760040 0.075547 0.102670 3 0.8608 0.524733 0.878060 0.069177 0.199007 3 0.8599 0.169259 0.749232 0.077960 0.114699 11 0.8549 0.385903 0.895181 0.120908 0.194574 3 0.8443 0.886736 0.685821 0.054511 0.117492 8 0.8385 0.293336 0.675854 0.051964 0.118894 2 0.8323 0.336566 0.753851 0.055819 0.112762 2 0.8014 0.289103 0.768370 0.046538 0.104435 2 0.6929 0.709051 0.562263 0.033613 0.077611 10 0.6510 0.952253 0.818998 0.095495 0.362004 0 0.4994 0.252800 0.695508 0.034818 0.062185 9 0.4811 0.400991 0.891449 0.153865 0.199422 10 0.3967 0.673261 0.379029 0.057151 0.138219 10 0.3355 0.084745 0.679961 0.169491 0.285509 2 0.2808 0.218263 0.655924 0.037609 0.087318 3 0.2309 0.318601 0.636553 0.047383 0.085292 0 0.1281 0.219389 0.656518 0.035205 0.087178 9 0.1208 0.246191 0.593385 0.094987 0.114696
CCTV01^20260318-110000-20260318-120000_000339,7 0.9686 0.364133 0.526818 0.084119 0.101892 8 0.9500 0.299397 0.912502 0.126330 0.174997 3 0.9106 0.221020 0.741796 0.076368 0.106504 8 0.9021 0.297228 0.651799 0.049342 0.117527 3 0.8882 0.198863 0.704576 0.073447 0.102290 3 0.8868 0.236432 0.851811 0.065565 0.142218 3 0.8824 0.737770 0.730299 0.064683 0.164308 10 0.8675 0.903836 0.743257 0.192329 0.384157 3 0.8621 0.525562 0.877975 0.069024 0.197972 2 0.8592 0.282943 0.741682 0.048966 0.096927 11 0.8570 0.363101 0.856435 0.112024 0.225149 2 0.6269 0.321010 0.715850 0.048664 0.076168 10 0.5560 0.169993 0.574624 0.196506 0.229121 8 0.5263 0.165744 0.632746 0.112999 0.118517 10 0.4903 0.841509 0.856012 0.160068 0.287975 0 0.4306 0.278561 0.785640 0.048434 0.088747 9 0.3777 0.364294 0.522263 0.084804 0.103022 1 0.3593 0.787336 0.670104 0.028973 0.082970 3 0.3379 0.500444 0.435310 0.037175 0.050827 10 0.2558 0.088619 0.826603 0.177238 0.344468 10 0.2295 0.323069 0.425682 0.137968 0.147636 3 0.1725 0.476500 0.473246 0.047032 0.062585 0 0.1418 0.686565 0.697511 0.029935 0.093679 1 0.1181 0.686189 0.697075 0.030391 0.090454 10 0.1049 0.021343 0.639947 0.042685 0.250328 2 0.1033 0.902035 0.882578 0.060431 0.132608 1 0.1006 0.648834 0.452818 0.019264 0.055612
CCTV01^20260318-110000-20260318-120000_000343,8 0.9633 0.301219 0.906984 0.127850 0.185213 11 0.9165 0.360351 0.840792 0.122241 0.209437 3 0.9144 0.242241 0.709315 0.073112 0.109823 3 0.8927 0.235232 0.847061 0.060805 0.134044 8 0.8755 0.317048 0.614477 0.072833 0.127047 3 0.8644 0.525570 0.876248 0.071535 0.198404 10 0.8586 0.247029 0.524986 0.196997 0.204558 3 0.8423 0.757363 0.800715 0.081474 0.191128 2 0.8073 0.318948 0.686167 0.043573 0.088928 10 0.7755 0.345365 0.415170 0.143723 0.141208 0 0.7370 0.975082 0.886756 0.049836 0.139259 2 0.7119 0.190728 0.770734 0.051341 0.107393 8 0.6661 0.170025 0.632080 0.105876 0.125042 2 0.6441 0.281186 0.710985 0.042504 0.092035 3 0.5695 0.224368 0.671885 0.073552 0.087656 0 0.4342 0.744594 0.938663 0.058711 0.094692 10 0.3672 0.087833 0.822033 0.175666 0.347408 4 0.1885 0.942201 0.516347 0.044680 0.098485 10 0.1724 0.022989 0.654695 0.045978 0.276591
CCTV01^20260318-110000-20260318-120000_000347,8 0.9387 0.303044 0.904238 0.128634 0.177436 3 0.9091 0.251755 0.751756 0.062092 0.117684 11 0.9052 0.362315 0.838530 0.122988 0.201166 8 0.8890 0.281710 0.552561 0.094884 0.137215 3 0.8888 0.843456 0.916546 0.068330 0.164322 3 0.8681 0.306806 0.602801 0.089287 0.086040 3 0.8597 0.831591 0.643778 0.049326 0.112051 3 0.8492 0.525347 0.879065 0.070551 0.201129 8 0.8433 0.198937 0.545895 0.091606 0.148852 10 0.8139 0.750057 0.508098 0.103689 0.210599 4 0.7308 0.689801 0.585936 0.064379 0.128648 10 0.7128 0.422179 0.425610 0.120146 0.157955 10 0.6784 0.113141 0.796540 0.226282 0.394816 3 0.5876 0.346043 0.527133 0.040152 0.070626 2 0.5615 0.512826 0.392637 0.020592 0.045273 7 0.5288 0.960266 0.894509 0.079467 0.180095 4 0.4667 0.961413 0.890647 0.077174 0.170226 10 0.4547 0.065337 0.689047 0.130675 0.309242 2 0.3908 0.233276 0.661943 0.043354 0.085178 0 0.3833 0.952087 0.741443 0.043773 0.103717 0 0.3261 0.871233 0.717912 0.047368 0.103971 0 0.2758 0.991610 0.800416 0.016733 0.104870 9 0.2713 0.064251 0.691413 0.128502 0.316865 1 0.1893 0.812172 0.566572 0.019494 0.064559 0 0.1004 0.301414 0.661335 0.039719 0.068682
CCTV01^20260318-110000-20260318-120000_000351,8 0.9464 0.305120 0.908021 0.125711 0.169523 11 0.9024 0.362257 0.841591 0.124054 0.207583 10 0.8974 0.744557 0.561442 0.129247 0.234870 10 0.8875 0.308592 0.634616 0.148761 0.264081 3 0.8783 0.525382 0.877156 0.071472 0.198060 7 0.8709 0.743718 0.908583 0.074646 0.172653 10 0.8705 0.159763 0.703152 0.207383 0.325037 8 0.8178 0.728529 0.750478 0.062433 0.180786 1 0.7276 0.893553 0.805464 0.036768 0.102737 3 0.5261 0.071177 0.941541 0.111159 0.115503 1 0.4561 0.919992 0.867071 0.032489 0.105173 3 0.3507 0.032628 0.910576 0.065256 0.165683 0 0.3488 0.943589 0.769157 0.051297 0.098619 3 0.3107 0.481309 0.460202 0.044345 0.060846 0 0.3037 0.180874 0.906071 0.038277 0.073158 1 0.2546 0.648168 0.466170 0.021942 0.058051 2 0.2536 0.907840 0.958781 0.073616 0.073847 0 0.2332 0.919014 0.690108 0.046461 0.095371 0 0.2293 0.222560 0.941850 0.042973 0.091364 10 0.2231 0.020012 0.637401 0.039980 0.238202 8 0.1811 0.450375 0.420162 0.064398 0.101931 1 0.1735 0.918123 0.894001 0.024617 0.050944 1 0.1516 0.385773 0.514417 0.035340 0.059404 10 0.1110 0.416725 0.388152 0.111644 0.142008 10 0.1076 0.213028 0.495646 0.150544 0.190817
CCTV01^20260318-110000-20260318-120000_000355,3 0.9219 0.186601 0.782091 0.088346 0.123654 3 0.9164 0.091734 0.916576 0.104298 0.155720 10 0.9087 0.736855 0.562747 0.115732 0.261983 10 0.8973 0.334144 0.514588 0.148225 0.205962 3 0.8939 0.819725 0.842840 0.090896 0.168267 3 0.8738 0.166276 0.915804 0.102469 0.149679 11 0.8676 0.307402 0.655662 0.061009 0.149722 3 0.8542 0.524944 0.877086 0.071849 0.198727 0 0.8053 0.964082 0.829566 0.061867 0.137564 10 0.8049 0.456518 0.414588 0.076729 0.138207 8 0.7979 0.728353 0.766345 0.062695 0.183956 3 0.7905 0.348352 0.827324 0.082309 0.125010 8 0.7337 0.873046 0.769859 0.109555 0.215974 8 0.6885 0.258256 0.745862 0.086007 0.169680 0 0.5965 0.417743 0.890693 0.061083 0.133210 7 0.5553 0.316448 0.882874 0.171397 0.234251 4 0.5388 0.050253 0.831093 0.100220 0.161091 7 0.4840 0.053125 0.822298 0.106249 0.155220 3 0.4538 0.669183 0.500854 0.044073 0.075627 1 0.4053 0.028147 0.923532 0.046007 0.088052 10 0.3754 0.023338 0.648234 0.046676 0.260481 9 0.2955 0.244935 0.627279 0.080913 0.121009 7 0.2740 0.245699 0.626314 0.080295 0.119652 1 0.2525 0.494761 0.467217 0.022294 0.054136 9 0.2391 0.876820 0.781853 0.104182 0.227856 7 0.2249 0.741418 0.919232 0.077995 0.153044 11 0.1629 0.877356 0.783147 0.103762 0.225831 0 0.1614 0.933817 0.657235 0.044933 0.100331 2 0.1547 0.638337 0.405566 0.022508 0.058620 4 0.1430 0.945709 0.521589 0.045334 0.095273 12 0.1427 0.741980 0.921479 0.081479 0.155044
CCTV01^20260318-110000-20260318-120000_000359,8 0.9279 0.731135 0.825118 0.062100 0.187338 3 0.9232 0.250938 0.669387 0.078715 0.090565 6 0.9216 0.297968 0.850747 0.146587 0.298507 10 0.9216 0.805882 0.721437 0.167538 0.364887 3 0.9175 0.177374 0.759135 0.089802 0.137018 8 0.8559 0.319410 0.592567 0.083594 0.157293 3 0.8528 0.525453 0.876879 0.073504 0.203045 7 0.8265 0.297516 0.851624 0.142333 0.296751 12 0.7997 0.381759 0.832498 0.043987 0.099467 4 0.7856 0.199240 0.865680 0.068005 0.182616 2 0.7831 0.430610 0.919017 0.074179 0.137321 10 0.7715 0.091190 0.756962 0.182379 0.344281 3 0.7508 0.095755 0.869374 0.106285 0.169985 10 0.7477 0.373322 0.438568 0.143421 0.169648 2 0.7005 0.710143 0.687840 0.040968 0.097695 3 0.6431 0.195668 0.630478 0.090406 0.099129 3 0.5524 0.303601 0.707243 0.057030 0.078318 10 0.3942 0.959497 0.851722 0.080334 0.285720 0 0.3128 0.133893 0.872453 0.067022 0.109114 2 0.2850 0.882510 0.591924 0.037134 0.095265 10 0.2808 0.023270 0.660290 0.046488 0.285636 6 0.1659 0.959622 0.852424 0.080405 0.284181 10 0.1455 0.809635 0.478795 0.080878 0.163082 4 0.1185 0.352748 0.525004 0.068479 0.105565
CCTV01^20260318-110000-20260318-120000_000363,6 0.9628 0.286613 0.785343 0.092975 0.287384 8 0.9600 0.739025 0.873681 0.066017 0.190937 3 0.9130 0.086654 0.842673 0.097324 0.141325 2 0.8959 0.681116 0.929344 0.056943 0.130058 3 0.8842 0.525615 0.875959 0.072485 0.198489 10 0.8776 0.189549 0.620281 0.202543 0.254564 3 0.8741 0.760410 0.686713 0.053561 0.118394 10 0.8666 0.704407 0.527374 0.112948 0.234606 2 0.8062 0.179897 0.877711 0.064413 0.162222 0 0.7598 0.355305 0.905010 0.068833 0.132497 4 0.7451 0.063163 0.776020 0.100913 0.151199 7 0.7432 0.829785 0.561199 0.065403 0.105415 3 0.7307 0.251466 0.657033 0.081258 0.079702 10 0.7275 0.885203 0.813806 0.220730 0.372387 12 0.7251 0.354261 0.908298 0.067015 0.138610 2 0.6416 0.317347 0.693605 0.049097 0.110469 7 0.5268 0.372720 0.525030 0.069572 0.078639 8 0.4920 0.121812 0.886710 0.050047 0.124416 10 0.4808 0.034543 0.753557 0.068090 0.276642 3 0.4467 0.168891 0.742588 0.082362 0.133353 0 0.3839 0.232789 0.906890 0.043254 0.094988 3 0.3631 0.464131 0.459740 0.039237 0.055248 2 0.3292 0.764328 0.812115 0.056074 0.107533 7 0.3043 0.066158 0.777176 0.100613 0.158512 3 0.2988 0.500676 0.416936 0.036744 0.056465 10 0.1384 0.025173 0.659249 0.050345 0.275787 0 0.1296 0.310833 0.595663 0.033222 0.082873 1 0.1018 0.018529 0.881076 0.036986 0.104624
CCTV01^20260318-110000-20260318-120000_000367,6 0.9562 0.280403 0.708777 0.098697 0.252549 8 0.9449 0.743364 0.874713 0.078626 0.192367 3 0.8862 0.751344 0.654589 0.068997 0.120515 2 0.8794 0.683327 0.931937 0.060252 0.127595 3 0.8786 0.525414 0.875923 0.072825 0.199451 3 0.8554 0.370549 0.885016 0.106109 0.148373 2 0.8500 0.183438 0.737696 0.062974 0.128289 5 0.8031 0.817881 0.617778 0.055732 0.138382 4 0.7436 0.191110 0.644148 0.082454 0.107379 3 0.7125 0.044643 0.908845 0.083843 0.135507 0 0.5442 0.678782 0.817869 0.042724 0.110702 0 0.5061 0.176866 0.862217 0.046711 0.127091 10 0.4616 0.879522 0.833922 0.235292 0.332155 10 0.4357 0.024620 0.647782 0.049034 0.257447 2 0.4169 0.245697 0.929071 0.074819 0.071368 0 0.3613 0.082011 0.771870 0.049984 0.110883 10 0.3358 0.411189 0.442567 0.114248 0.159896 8 0.2122 0.048905 0.746031 0.042674 0.103770 4 0.2003 0.944030 0.516998 0.049466 0.102248 2 0.1984 0.968497 0.900129 0.063007 0.189955 2 0.1790 0.390047 0.530011 0.034360 0.075079 3 0.1755 0.507256 0.392755 0.033556 0.055223 6 0.1208 0.251149 0.531824 0.146914 0.188063 0 0.1138 0.947237 0.716481 0.053806 0.108405 3 0.1133 0.482834 0.485763 0.057581 0.049799
CCTV01^20260318-110000-20260318-120000_000371,8 0.9485 0.335261 0.779268 0.088096 0.183316 5 0.9145 0.856712 0.865811 0.085260 0.227380 3 0.8724 0.525499 0.877081 0.072400 0.199761 3 0.8595 0.322128 0.641447 0.064645 0.093829 10 0.8287 0.145187 0.799883 0.187455 0.376527 3 0.8250 0.057063 0.903434 0.067774 0.156679 12 0.8188 0.358703 0.928957 0.049483 0.142086 0 0.7629 0.254039 0.918144 0.059865 0.145928 3 0.7444 0.248023 0.603181 0.054821 0.085304 5 0.7235 0.262418 0.787470 0.075699 0.160524 0 0.6404 0.694100 0.881030 0.053801 0.120904 10 0.6223 0.263302 0.787303 0.076390 0.158809 1 0.4873 0.661497 0.931331 0.036341 0.078711 3 0.4758 0.476546 0.457500 0.056925 0.055573 1 0.3066 0.801816 0.961204 0.033284 0.070023 3 0.2030 0.662336 0.472024 0.043150 0.075082 0 0.1992 0.359799 0.929739 0.054901 0.132454 0 0.1974 0.298670 0.849926 0.048152 0.085359 6 0.1768 0.323802 0.500952 0.067579 0.154001 10 0.1697 0.023541 0.641211 0.047081 0.241276 12 0.1661 0.946251 0.701250 0.107499 0.238676 12 0.1592 0.214505 0.952471 0.053312 0.095058 1 0.1504 0.724499 0.550187 0.029597 0.075785 0 0.1332 0.808187 0.494708 0.029633 0.069694 6 0.1306 0.409192 0.413395 0.099518 0.123751 1 0.1039 0.695942 0.568459 0.028751 0.072383 1 0.1023 0.421335 0.451843 0.021612 0.053067
CCTV01^20260318-110000-20260318-120000_000375,3 0.9129 0.119262 0.920210 0.117143 0.154794 3 0.9076 0.120863 0.746021 0.092409 0.124276 3 0.8733 0.525391 0.876921 0.071919 0.198706 4 0.8671 0.365082 0.883891 0.106516 0.208496 0 0.8418 0.228336 0.796852 0.053216 0.128121 2 0.8322 0.288320 0.818778 0.055646 0.127339 2 0.7822 0.315495 0.607164 0.047040 0.109318 5 0.7558 0.678883 0.522431 0.049338 0.115583 9 0.6930 0.279675 0.712511 0.076532 0.149286 5 0.6863 0.277188 0.717170 0.067532 0.148519 10 0.6693 0.362612 0.493509 0.140177 0.191396 0 0.6419 0.181526 0.785738 0.043311 0.126567 0 0.5948 0.803241 0.704164 0.048215 0.106978 2 0.5758 0.222629 0.694995 0.049766 0.089770 4 0.5450 0.941214 0.515667 0.045583 0.099622 10 0.4451 0.064359 0.739488 0.128504 0.289865 1 0.3721 0.775230 0.649454 0.036335 0.069430 1 0.2484 0.203003 0.878263 0.039499 0.098227 1 0.1855 0.716513 0.874286 0.027057 0.082363 1 0.1821 0.731796 0.598213 0.038744 0.079184 3 0.1576 0.145065 0.766879 0.046120 0.131809 0 0.1417 0.144853 0.767468 0.045314 0.130002 10 0.1141 0.024202 0.650511 0.048403 0.265273
CCTV01^20260318-110000-20260318-120000_000379,3 0.9160 0.240068 0.726875 0.086993 0.121245 4 0.9046 0.327008 0.736931 0.088104 0.168836 3 0.8961 0.307390 0.586094 0.074542 0.084301 3 0.8871 0.753149 0.661568 0.065614 0.119149 3 0.8618 0.525523 0.877405 0.071137 0.197949 3 0.8392 0.330655 0.920814 0.078963 0.153595 10 0.8195 0.153916 0.610803 0.218066 0.248574 3 0.8181 0.141034 0.887025 0.100985 0.167987 3 0.8179 0.898864 0.824666 0.115841 0.174015 2 0.7350 0.802671 0.913471 0.055776 0.143467 0 0.5812 0.248465 0.806920 0.040692 0.109905 0 0.5646 0.228193 0.867176 0.045543 0.121211 10 0.4428 0.076192 0.823133 0.152383 0.353617 0 0.3750 0.849966 0.540904 0.034540 0.065652 0 0.2583 0.283759 0.823450 0.036274 0.102106 10 0.2558 0.024627 0.649046 0.049254 0.260295 9 0.2558 0.325671 0.736729 0.086107 0.175434 0 0.1940 0.987352 0.827794 0.025296 0.123400 5 0.1516 0.498790 0.408759 0.042154 0.062931 2 0.1419 0.468741 0.461310 0.032191 0.061653 1 0.1259 0.284359 0.823546 0.035521 0.107763
CCTV01^20260318-110000-20260318-120000_000383,3 0.9067 0.254736 0.757461 0.080244 0.113219 3 0.9041 0.304624 0.596330 0.074258 0.093246 5 0.8735 0.183220 0.882247 0.098791 0.196668 3 0.8709 0.525880 0.877414 0.072112 0.199221 10 0.8476 0.158953 0.670026 0.192630 0.280461 3 0.8449 0.303001 0.814481 0.061434 0.117381 2 0.8163 0.331381 0.725959 0.062324 0.104296 5 0.7573 0.238335 0.680810 0.100751 0.136768 0 0.7523 0.294240 0.883804 0.058103 0.126848 3 0.6702 0.321775 0.656431 0.063946 0.080142 10 0.6410 0.406639 0.440282 0.128232 0.155217 4 0.4829 0.943751 0.513293 0.045948 0.103236 10 0.1999 0.025227 0.637973 0.050453 0.235002 10 0.1662 0.023206 0.825843 0.046413 0.291554
CCTV01^20260318-110000-20260318-120000_000387,3 0.9190 0.317050 0.694166 0.057035 0.096949 3 0.9173 0.319333 0.617983 0.064624 0.083594 3 0.9131 0.173092 0.814206 0.081151 0.122240 3 0.9089 0.259457 0.911381 0.072912 0.153517 3 0.8670 0.166794 0.929250 0.103376 0.139443 2 0.8480 0.970223 0.753784 0.059369 0.154159 3 0.8418 0.525379 0.878421 0.071952 0.201885 3 0.8145 0.087750 0.932511 0.107422 0.133325 3 0.8117 0.271959 0.539486 0.062127 0.076268 5 0.7585 0.255974 0.706525 0.091770 0.148764 10 0.6863 0.354988 0.475353 0.124989 0.165205 9 0.4637 0.256031 0.707606 0.091180 0.150945 0 0.3996 0.348191 0.802377 0.050894 0.105699 0 0.3735 0.440094 0.965449 0.063181 0.069102 4 0.3588 0.953298 0.884436 0.093347 0.223348 1 0.3070 0.731404 0.842003 0.040756 0.105893 12 0.2665 0.279495 0.804911 0.041920 0.132450 0 0.2420 0.972171 0.638981 0.047999 0.084443 0 0.2164 0.279984 0.798520 0.048320 0.109784 10 0.2089 0.870557 0.847269 0.216352 0.305461 3 0.1699 0.430986 0.467821 0.055802 0.067627 5 0.1441 0.430478 0.468145 0.056022 0.068774 7 0.1311 0.953080 0.862559 0.093839 0.236653 3 0.1206 0.953226 0.885888 0.093549 0.208481 2 0.1017 0.876307 0.584165 0.044619 0.104310
CCTV01^20260318-110000-20260318-120000_000391,3 0.9000 0.270544 0.832573 0.069315 0.125505 3 0.8828 0.236071 0.641923 0.070374 0.103834 3 0.8745 0.168777 0.921898 0.097807 0.154831 3 0.8539 0.525084 0.878335 0.070543 0.202270 3 0.8317 0.787505 0.607989 0.071710 0.118600 5 0.7958 0.312334 0.615768 0.090956 0.116799 3 0.7620 0.308366 0.538179 0.057190 0.068226 5 0.6994 0.166773 0.749904 0.088548 0.156440 10 0.6882 0.171768 0.598617 0.172750 0.252383 3 0.5732 0.227342 0.765507 0.082643 0.142765 0 0.5514 0.309839 0.735513 0.035345 0.103203 5 0.5377 0.227335 0.767772 0.080910 0.146362 8 0.4917 0.313612 0.929198 0.086214 0.138990 0 0.4780 0.277440 0.733944 0.033770 0.106255 4 0.3197 0.939689 0.513252 0.049916 0.101443 5 0.3111 0.785759 0.606215 0.074459 0.121232 0 0.2560 0.321515 0.693846 0.033273 0.097448 0 0.1530 0.836819 0.718445 0.033915 0.096265 1 0.1416 0.453924 0.446505 0.021174 0.049493 4 0.1214 0.678682 0.442959 0.043987 0.082652 0 0.1198 0.947615 0.618569 0.042274 0.094225
CCTV01^20260318-110000-20260318-120000_000395,3 0.9076 0.241425 0.920738 0.077437 0.149212 3 0.8974 0.323483 0.650249 0.068091 0.092286 3 0.8617 0.266792 0.760925 0.084905 0.128144 3 0.8599 0.524794 0.878819 0.070024 0.200936 8 0.8185 0.302822 0.801500 0.064219 0.155072 5 0.8084 0.440226 0.455690 0.057785 0.072634 3 0.8048 0.152533 0.937277 0.096626 0.118799 4 0.7815 0.952627 0.787764 0.094747 0.153900 10 0.7737 0.163336 0.743449 0.231102 0.348345 0 0.7610 0.822732 0.803012 0.041009 0.113775 3 0.7274 0.371522 0.451012 0.036998 0.069308 4 0.4914 0.716487 0.602748 0.069709 0.152972 7 0.4607 0.952446 0.786533 0.095108 0.152905 8 0.3818 0.716810 0.604143 0.067483 0.155165 3 0.3171 0.486873 0.423523 0.042565 0.063323 0 0.2701 0.990801 0.699706 0.018398 0.078901 2 0.2683 0.807432 0.511572 0.034054 0.077175 12 0.2582 0.402882 0.488131 0.025272 0.067430 3 0.2514 0.952440 0.794371 0.095119 0.152476 5 0.2104 0.354680 0.948223 0.139559 0.103555 10 0.1927 0.223072 0.567075 0.200774 0.191023 7 0.1865 0.716306 0.601928 0.068929 0.153178 0 0.1855 0.755321 0.558214 0.036165 0.066246 3 0.1375 0.355923 0.947399 0.138012 0.105201 0 0.1309 0.988497 0.642601 0.023006 0.074639
CCTV01^20260318-110000-20260318-120000_000399,3 0.9092 0.218739 0.772419 0.073396 0.138924 3 0.8980 0.768325 0.841677 0.077235 0.167872 5 0.8734 0.306585 0.911467 0.116503 0.177066 3 0.8518 0.525215 0.877180 0.072340 0.200506 10 0.8388 0.920912 0.812959 0.158176 0.374082 2 0.8306 0.359261 0.813770 0.064738 0.117899 8 0.8225 0.302936 0.780711 0.067359 0.138177 2 0.7848 0.809362 0.770906 0.048211 0.133759 10 0.6799 0.355423 0.532183 0.148089 0.224682 2 0.6795 0.271531 0.727268 0.050441 0.109238 10 0.2862 0.124694 0.599988 0.200910 0.264589 2 0.2757 0.865820 0.547818 0.039269 0.083054 3 0.2234 0.504812 0.422542 0.034347 0.051273 0 0.1744 0.394431 0.896453 0.067892 0.109565 10 0.1630 0.022162 0.635733 0.044283 0.240294 1 0.1517 0.703530 0.499046 0.027284 0.056169 10 0.1115 0.069568 0.879090 0.139135 0.241820
CCTV01^20260318-110000-20260318-120000_000403,3 0.9104 0.845580 0.717376 0.056813 0.127886 5 0.8987 0.260420 0.916106 0.114769 0.167788 5 0.8951 0.759286 0.849047 0.084818 0.214736 3 0.8947 0.739656 0.693583 0.066302 0.114579 3 0.8769 0.149829 0.932136 0.080437 0.132140 3 0.8684 0.526024 0.877862 0.071718 0.199072 3 0.8658 0.313808 0.653686 0.076091 0.095417 10 0.8539 0.234861 0.638783 0.199200 0.277405 5 0.8231 0.265365 0.779643 0.087806 0.151125 0 0.7018 0.833043 0.868208 0.050792 0.136783 0 0.5830 0.363337 0.921824 0.062166 0.123405 3 0.5301 0.723491 0.523195 0.056618 0.084972 3 0.5261 0.780046 0.569169 0.042280 0.087001 12 0.5205 0.363393 0.927754 0.053972 0.128748 2 0.5114 0.056485 0.865438 0.093103 0.141982 10 0.4391 0.285715 0.462942 0.142688 0.146250 10 0.2235 0.945193 0.860402 0.109615 0.279196 5 0.1976 0.076172 0.770251 0.152343 0.287746 4 0.1975 0.944408 0.513680 0.040676 0.093106 10 0.1380 0.076449 0.767701 0.152897 0.289662 6 0.1201 0.076000 0.768641 0.151601 0.277158
CCTV01^20260318-110000-20260318-120000_000407,3 0.8971 0.168740 0.842518 0.078978 0.128995 3 0.8772 0.684536 0.589125 0.052683 0.113036 3 0.8763 0.525991 0.877250 0.071974 0.199044 3 0.8740 0.066044 0.905452 0.117225 0.161685 2 0.8148 0.092241 0.795293 0.060833 0.113092 0 0.7722 0.752019 0.808330 0.048466 0.130457 5 0.7266 0.233232 0.766079 0.067179 0.166599 5 0.6719 0.284562 0.643996 0.077042 0.120086 4 0.6600 0.288444 0.884208 0.098781 0.221410 3 0.6498 0.904747 0.941901 0.081262 0.113678 10 0.6404 0.407942 0.472924 0.120424 0.177013 8 0.6338 0.296416 0.732846 0.062917 0.138007 9 0.5860 0.284575 0.643670 0.079053 0.116172 0 0.4824 0.751739 0.697142 0.046251 0.092121 11 0.4379 0.147191 0.668794 0.135817 0.171796 3 0.4249 0.790483 0.525228 0.037679 0.086485 0 0.3849 0.794573 0.927635 0.071543 0.144731 4 0.3031 0.945665 0.509806 0.037646 0.082874 0 0.2897 0.781522 0.673329 0.036564 0.101213 0 0.2694 0.966289 0.704596 0.047096 0.097535 4 0.2565 0.795993 0.926118 0.070483 0.143804 11 0.2507 0.261216 0.570941 0.130378 0.149663 3 0.2423 0.224880 0.529351 0.056208 0.064738 4 0.2311 0.043717 0.727575 0.087433 0.139457 10 0.2189 0.144170 0.674627 0.129894 0.173383 3 0.1930 0.410245 0.925946 0.126957 0.148109 1 0.1607 0.798228 0.626144 0.033043 0.080952 5 0.1536 0.973018 0.909424 0.053383 0.176374 6 0.1391 0.146554 0.668430 0.135814 0.171010
CCTV01^20260318-110000-20260318-120000_000412,3 0.9123 0.196681 0.764247 0.076881 0.132236 10 0.9071 0.747642 0.653628 0.135629 0.314608 3 0.9053 0.136022 0.772606 0.089013 0.117964 3 0.8946 0.143405 0.877445 0.106245 0.144522 5 0.8871 0.336549 0.815891 0.092006 0.172635 3 0.8595 0.525435 0.874648 0.071284 0.196416 8 0.7875 0.289644 0.633109 0.057562 0.123503 9 0.7209 0.232616 0.653173 0.050760 0.139355 2 0.6832 0.291294 0.880960 0.049948 0.138933 3 0.6818 0.036244 0.914670 0.072270 0.161771 4 0.5617 0.264192 0.724964 0.068217 0.174264 0 0.4939 0.499096 0.434006 0.020758 0.054793 10 0.4779 0.917002 0.847143 0.165113 0.305713 1 0.4464 0.759830 0.911944 0.052309 0.081586 0 0.4338 0.435711 0.910905 0.067962 0.118532 1 0.4301 0.653839 0.513202 0.023996 0.069138 5 0.3825 0.324117 0.567308 0.071326 0.112473 5 0.3382 0.161993 0.674070 0.090117 0.120919 9 0.2887 0.324836 0.567330 0.072833 0.109351 4 0.2611 0.944378 0.515695 0.043776 0.094000 12 0.2596 0.372547 0.923994 0.071731 0.141736 3 0.2187 0.806786 0.655327 0.052159 0.109898 9 0.1891 0.337441 0.816543 0.089371 0.174335 0 0.1516 0.176120 0.927567 0.053705 0.102745
CCTV01^20260318-110000-20260318-120000_000420,3 0.8924 0.253082 0.840965 0.064515 0.139780 3 0.8766 0.525925 0.876011 0.069846 0.195597 5 0.8630 0.168400 0.763419 0.098010 0.131970 3 0.8308 0.479643 0.412131 0.039564 0.047698 2 0.7900 0.318933 0.653249 0.061383 0.117745 2 0.7861 0.074913 0.797253 0.081587 0.121332 10 0.7826 0.924907 0.785976 0.150186 0.428047 2 0.7798 0.105409 0.862637 0.082710 0.149544 0 0.7111 0.225372 0.736554 0.047353 0.110269 10 0.6159 0.129629 0.602163 0.193390 0.239109 3 0.6158 0.168826 0.703205 0.088230 0.088880 0 0.5849 0.263986 0.715649 0.042580 0.113937 2 0.4466 0.373873 0.504859 0.051686 0.085580 0 0.4073 0.105806 0.702585 0.062585 0.088605 0 0.3929 0.298305 0.909987 0.052741 0.131328 10 0.3751 0.292056 0.511323 0.150728 0.201947 3 0.3199 0.647294 0.401701 0.030181 0.054827 8 0.2929 0.299468 0.744079 0.041557 0.112445 0 0.2866 0.168840 0.835067 0.051751 0.100158 9 0.2528 0.288867 0.509058 0.145968 0.194107 10 0.2400 0.019588 0.659369 0.039175 0.277277 12 0.2271 0.298978 0.914483 0.050171 0.138729 3 0.1844 0.171772 0.941628 0.077245 0.116745 0 0.1282 0.815310 0.528924 0.032111 0.073585 1 0.1269 0.799627 0.683608 0.031273 0.094621 0 0.1200 0.617164 0.434404 0.036771 0.067190 0 0.1094 0.298912 0.745282 0.040665 0.104159
CCTV01^20260318-110000-20260318-120000_000424,3 0.9118 0.320898 0.816706 0.072154 0.135088 3 0.9031 0.771280 0.836800 0.075477 0.163268 3 0.9011 0.775592 0.687135 0.079677 0.119243 10 0.8860 0.775453 0.554607 0.120707 0.222638 3 0.8754 0.178872 0.846216 0.068527 0.142832 3 0.8665 0.684784 0.574170 0.053328 0.093036 3 0.8656 0.526084 0.877541 0.071766 0.200089 3 0.8344 0.269050 0.709677 0.093148 0.118942 5 0.8141 0.270474 0.632860 0.079343 0.105973 0 0.8020 0.893748 0.714669 0.045971 0.106547 4 0.7519 0.248373 0.784746 0.061479 0.162543 2 0.7169 0.974498 0.792825 0.051004 0.114839 1 0.6562 0.965648 0.938363 0.037627 0.107258 10 0.4710 0.021434 0.649207 0.042742 0.256562 11 0.4296 0.165489 0.627277 0.192558 0.241531 12 0.3478 0.165997 0.629993 0.191370 0.239729 3 0.3254 0.421569 0.492411 0.055996 0.058411 0 0.2357 0.280259 0.881592 0.064366 0.102991 2 0.2156 0.332806 0.590466 0.048525 0.083451 10 0.1368 0.236069 0.504301 0.164020 0.164761 8 0.1164 0.392827 0.549041 0.058362 0.085124 10 0.1130 0.165221 0.623954 0.191447 0.222057
CCTV01^20260318-110000-20260318-120000_000428,3 0.9062 0.242306 0.695775 0.072782 0.109818 3 0.8773 0.174487 0.908183 0.095464 0.155242 3 0.8761 0.526143 0.876659 0.072215 0.199307 3 0.8677 0.266301 0.909272 0.076660 0.156279 5 0.8179 0.280826 0.743314 0.080832 0.155648 3 0.8168 0.335979 0.560018 0.071233 0.072431 1 0.7820 0.971979 0.952669 0.055786 0.094662 3 0.7729 0.494246 0.442637 0.035969 0.057345 0 0.5957 0.744813 0.765050 0.040816 0.113575 1 0.5928 0.195448 0.708805 0.029328 0.070590 10 0.5746 0.123595 0.635534 0.200808 0.233508 0 0.4959 0.337734 0.619198 0.038330 0.086066 1 0.4867 0.714678 0.834273 0.026811 0.100846 0 0.4594 0.300987 0.644452 0.041383 0.083533 1 0.4299 0.742998 0.759730 0.041922 0.118403 3 0.3239 0.259638 0.539859 0.037987 0.072237 6 0.3206 0.117366 0.637384 0.205906 0.230335 1 0.2991 0.167464 0.668370 0.060743 0.071060 3 0.2553 0.032755 0.829354 0.064995 0.330670 10 0.2506 0.020269 0.646892 0.040538 0.259898 0 0.2072 0.338707 0.775686 0.036703 0.081472 5 0.1931 0.033438 0.831031 0.066304 0.334802 10 0.1514 0.034251 0.829802 0.068057 0.340397
CCTV01^20260318-110000-20260318-120000_000432,3 0.9120 0.259536 0.821069 0.072544 0.125691 3 0.8956 0.241832 0.690049 0.065407 0.111479 3 0.8609 0.525614 0.877875 0.071844 0.199716 6 0.8446 0.862457 0.605796 0.097771 0.229831 2 0.8414 0.848618 0.721827 0.073199 0.156755 3 0.8008 0.325997 0.559363 0.061974 0.079136 3 0.7716 0.222911 0.938518 0.086485 0.122964 10 0.7709 0.130008 0.699543 0.184418 0.309181 3 0.7665 0.290522 0.699398 0.074636 0.137279 0 0.6576 0.308017 0.853487 0.059436 0.118888 0 0.5196 0.794605 0.603650 0.030294 0.093546 3 0.4958 0.498558 0.442270 0.036978 0.057474 3 0.4719 0.359245 0.601175 0.064884 0.083086 3 0.3661 0.404999 0.514248 0.058175 0.079255 1 0.3106 0.174977 0.783229 0.041627 0.082865 4 0.2856 0.941844 0.512692 0.051077 0.109480 1 0.2341 0.709982 0.494447 0.023139 0.059908 10 0.1874 0.441034 0.426970 0.091544 0.134542 1 0.1244 0.320548 0.724224 0.030639 0.083101 3 0.1197 0.644141 0.392112 0.029888 0.056619
CCTV01^20260318-110000-20260318-120000_000605,5 0.9244 0.524994 0.876738 0.067175 0.192558 10 0.9207 0.630571 0.468447 0.064460 0.187826 10 0.9144 0.317671 0.563275 0.112265 0.209282 3 0.9133 0.312856 0.716472 0.045033 0.097416 10 0.9071 0.751547 0.804097 0.156358 0.381190 3 0.8951 0.258281 0.714922 0.064451 0.100021 2 0.8636 0.294607 0.770695 0.040278 0.105906 3 0.8557 0.398528 0.498379 0.046327 0.056480 3 0.8378 0.468759 0.476228 0.042775 0.048875 10 0.8251 0.248754 0.561784 0.134963 0.203812 3 0.8164 0.441242 0.455767 0.042973 0.041369 3 0.8053 0.658668 0.582327 0.042273 0.080327 1 0.7693 0.201043 0.797914 0.026716 0.084500 1 0.7631 0.240830 0.773497 0.023873 0.076860 6 0.7531 0.061910 0.773324 0.123819 0.272542 10 0.6934 0.797072 0.686751 0.168570 0.337201 2 0.6831 0.915097 0.701048 0.070468 0.140381 3 0.6751 0.490010 0.437787 0.037383 0.050344 10 0.6488 0.125988 0.555290 0.151042 0.203336 10 0.6070 0.805408 0.573107 0.141162 0.242178 10 0.6012 0.063809 0.784357 0.127544 0.295177 2 0.5990 0.368290 0.430972 0.022553 0.050786 2 0.4442 0.132913 0.643639 0.043382 0.060129 0 0.4421 0.151488 0.692609 0.028417 0.081656 2 0.4419 0.949359 0.855652 0.052802 0.090009 6 0.4021 0.797014 0.684691 0.167450 0.337244 3 0.4010 0.332437 0.444079 0.035434 0.040456 10 0.3893 0.116062 0.893074 0.176106 0.213853 10 0.2908 0.020132 0.652709 0.040034 0.276987 2 0.2738 0.870924 0.950275 0.049442 0.094527 1 0.2299 0.952871 0.854094 0.055637 0.109174 4 0.1973 0.150864 0.692241 0.030320 0.083940 2 0.1806 0.673529 0.661855 0.044719 0.138017 1 0.1730 0.980554 0.796621 0.033496 0.083980 7 0.1463 0.700439 0.569061 0.040501 0.085292 3 0.1313 0.467997 0.424056 0.036291 0.040953 1 0.1281 0.919512 0.838435 0.035842 0.093369
CCTV01^20260318-110000-20260318-120000_000609,5 0.9406 0.524752 0.877736 0.065701 0.192387 7 0.9368 0.790466 0.731938 0.067140 0.119538 10 0.9277 0.690597 0.632906 0.128609 0.300603 11 0.9269 0.274274 0.769712 0.092442 0.219498 5 0.9146 0.324570 0.926074 0.079135 0.146214 3 0.8985 0.734374 0.874039 0.075317 0.166711 10 0.8923 0.414837 0.447265 0.110008 0.155121 10 0.8786 0.821724 0.598944 0.138929 0.257416 6 0.8724 0.303278 0.493988 0.099404 0.128262 3 0.8572 0.353460 0.557962 0.063484 0.064197 10 0.8442 0.634844 0.481361 0.074347 0.189866 10 0.8411 0.227128 0.689187 0.146992 0.287510 2 0.8370 0.335690 0.629562 0.041983 0.085393 1 0.7778 0.218187 0.891064 0.029958 0.091260 10 0.7764 0.186300 0.609677 0.154833 0.196764 0 0.7742 0.344688 0.770583 0.032734 0.070787 3 0.7616 0.505675 0.415185 0.034670 0.055558 3 0.6465 0.480002 0.409739 0.027856 0.043478 1 0.6311 0.182864 0.945842 0.026478 0.080228 1 0.5793 0.139063 0.935610 0.038036 0.080230 10 0.5303 0.729652 0.487723 0.083550 0.168730 6 0.4127 0.225813 0.688184 0.149521 0.285032 10 0.3949 0.972350 0.799972 0.054535 0.391929 3 0.3926 0.506639 0.354125 0.028707 0.037053 3 0.3167 0.235737 0.963721 0.066247 0.072558 10 0.2586 0.909296 0.831398 0.181408 0.331372 10 0.2305 0.304099 0.490839 0.101149 0.121409 10 0.1663 0.074404 0.857045 0.148162 0.285909 10 0.1541 0.615344 0.337294 0.039826 0.109737
CCTV01^20260318-110000-20260318-120000_000613,6 0.9514 0.693082 0.586471 0.085263 0.175543 5 0.9282 0.524907 0.877113 0.065225 0.192618 3 0.9275 0.198205 0.817024 0.063591 0.119766 10 0.9267 0.849017 0.668865 0.140178 0.312225 11 0.9240 0.275521 0.760162 0.091349 0.212284 5 0.9232 0.323479 0.914470 0.071010 0.168286 3 0.9194 0.633925 0.516846 0.038229 0.076797 10 0.9118 0.620973 0.425233 0.050334 0.153364 10 0.9102 0.354243 0.519610 0.126121 0.187117 10 0.9022 0.135314 0.715251 0.191912 0.303374 3 0.8994 0.796707 0.782725 0.080210 0.145718 3 0.8864 0.236738 0.947912 0.066463 0.103434 2 0.8626 0.954044 0.848503 0.066691 0.157168 1 0.8242 0.683219 0.802746 0.026812 0.095700 0 0.7932 0.346163 0.774877 0.032158 0.070727 3 0.7734 0.825394 0.496233 0.050666 0.065114 1 0.7562 0.709248 0.760606 0.025442 0.088943 10 0.7531 0.434390 0.394211 0.075241 0.098334 1 0.7138 0.218652 0.709057 0.030290 0.071933 10 0.6856 0.747249 0.518850 0.087041 0.194666 10 0.6854 0.779641 0.879007 0.156472 0.238868 3 0.6784 0.480153 0.423023 0.029562 0.045722 10 0.6729 0.301736 0.511482 0.133109 0.175903 2 0.6391 0.109889 0.890156 0.060906 0.114602 6 0.5431 0.683491 0.447126 0.038782 0.101817 2 0.5280 0.498158 0.433669 0.023712 0.050740 4 0.4524 0.956792 0.948661 0.086416 0.102678 1 0.3659 0.761316 0.634658 0.022908 0.053633 10 0.3274 0.975365 0.802503 0.049271 0.359691 6 0.2789 0.760713 0.329794 0.036256 0.078445 10 0.2569 0.070561 0.683196 0.141122 0.287921 10 0.2196 0.683501 0.445967 0.040466 0.104406 10 0.2139 0.124665 0.541297 0.166756 0.170416 11 0.2109 0.243500 0.367643 0.061046 0.078367 9 0.2070 0.975552 0.807680 0.048896 0.384640 5 0.1903 0.679088 0.355956 0.026302 0.055602 6 0.1838 0.748867 0.517142 0.084933 0.190841 10 0.1377 0.525516 0.328443 0.066133 0.097625
CCTV01^20260318-110000-20260318-120000_000617,12 0.9392 0.254923 0.665418 0.060318 0.130162 5 0.9281 0.525093 0.876609 0.067200 0.192080 3 0.9263 0.724247 0.715127 0.066975 0.128761 10 0.9224 0.854664 0.675654 0.145206 0.316297 10 0.9124 0.659166 0.542522 0.094653 0.228510 10 0.8991 0.127638 0.814299 0.172716 0.362403 3 0.8929 0.324178 0.898206 0.088835 0.135677 5 0.8744 0.313808 0.665617 0.059241 0.115395 10 0.8744 0.255702 0.513503 0.152352 0.178913 3 0.8673 0.417068 0.492639 0.052364 0.049992 10 0.8669 0.675865 0.361598 0.044763 0.114796 6 0.8593 0.743875 0.595464 0.075817 0.163008 2 0.8464 0.956589 0.894907 0.074210 0.185651 10 0.8458 0.398259 0.427219 0.100176 0.134396 2 0.8335 0.245476 0.781980 0.042753 0.104711 3 0.8258 0.398320 0.548560 0.051003 0.072145 10 0.8068 0.617575 0.425088 0.049093 0.163529 2 0.8064 0.307041 0.962476 0.061015 0.075049 1 0.7582 0.310318 0.571119 0.031447 0.064139 11 0.7274 0.467034 0.412514 0.060595 0.086220 0 0.6835 0.351082 0.596398 0.026706 0.053579 2 0.6739 0.066261 0.750824 0.040214 0.101364 5 0.6599 0.698660 0.424063 0.031191 0.072530 3 0.6199 0.784085 0.852695 0.066626 0.157191 12 0.5788 0.219007 0.911593 0.098735 0.176814 1 0.5557 0.323039 0.734323 0.028117 0.075194 9 0.5525 0.218757 0.911310 0.098413 0.176815 12 0.5467 0.975507 0.739691 0.048985 0.181274 3 0.5233 0.842012 0.520364 0.045380 0.071932 8 0.4747 0.219194 0.911053 0.103617 0.177894 6 0.4696 0.760077 0.329852 0.035368 0.083463 0 0.4688 0.334007 0.529082 0.030943 0.060563 10 0.3624 0.123038 0.552468 0.143492 0.198091 10 0.2850 0.019945 0.643259 0.039889 0.251945 10 0.2610 0.756271 0.517934 0.083565 0.166298 0 0.2539 0.991822 0.849185 0.016356 0.075202 10 0.2426 0.465735 0.352500 0.071720 0.084176 2 0.2415 0.346770 0.493620 0.027129 0.054965 9 0.2281 0.467118 0.412091 0.060581 0.085005 0 0.1596 0.322748 0.734181 0.024570 0.073025 0 0.1179 0.101361 0.673476 0.044938 0.079230
CCTV01^20260318-110000-20260318-120000_000621,12 0.9515 0.304860 0.632497 0.074025 0.145644 10 0.9320 0.705417 0.672390 0.124261 0.301593 5 0.9288 0.524907 0.876765 0.066978 0.191523 6 0.9286 0.792667 0.706260 0.086343 0.215395 6 0.9232 0.760636 0.329649 0.035033 0.077867 3 0.9187 0.142689 0.770525 0.073991 0.115135 10 0.9112 0.882069 0.725826 0.173092 0.356513 3 0.9071 0.300842 0.867553 0.063068 0.137726 12 0.9036 0.459038 0.422173 0.050440 0.083168 3 0.8954 0.132717 0.887288 0.080520 0.130832 5 0.8862 0.501550 0.394709 0.035404 0.061937 10 0.8822 0.313903 0.528028 0.146459 0.191709 5 0.8807 0.706437 0.452826 0.034199 0.080859 5 0.8799 0.208288 0.835148 0.080357 0.168167 10 0.8680 0.631055 0.484218 0.070059 0.197213 2 0.8379 0.288000 0.754193 0.039082 0.105881 2 0.8220 0.244464 0.739561 0.036394 0.093846 2 0.7755 0.402205 0.470724 0.029513 0.057667 3 0.7730 0.844406 0.527946 0.049023 0.075310 1 0.7679 0.109679 0.743505 0.027018 0.075823 3 0.6659 0.353996 0.587087 0.044587 0.067507 10 0.6272 0.451932 0.377488 0.077231 0.120179 2 0.5896 0.963325 0.917731 0.073127 0.163879 1 0.5531 0.192988 0.662083 0.030844 0.060441 10 0.4693 0.042137 0.861654 0.084275 0.276693 3 0.4382 0.247782 0.678133 0.051075 0.092985 10 0.3500 0.125632 0.559444 0.158838 0.212836 10 0.3441 0.337478 0.445291 0.113357 0.147930 10 0.3349 0.512435 0.320331 0.065789 0.092532 10 0.2024 0.767359 0.554500 0.089987 0.201755 3 0.1881 0.187545 0.970835 0.074708 0.051813 10 0.1294 0.020865 0.650244 0.041729 0.273976 1 0.1100 0.053719 0.964897 0.042912 0.070207
CCTV01^20260318-110000-20260318-120000_000625,12 0.9431 0.356689 0.587097 0.100383 0.128668 10 0.9235 0.897573 0.746295 0.204855 0.373126 5 0.9208 0.524881 0.878794 0.067355 0.195769 3 0.9163 0.279868 0.897030 0.068997 0.144046 10 0.9150 0.757026 0.815163 0.157386 0.354274 10 0.9099 0.660861 0.566814 0.109198 0.250274 10 0.8904 0.618162 0.344904 0.038815 0.118015 3 0.8780 0.307368 0.699472 0.051859 0.098562 3 0.8761 0.183012 0.800252 0.074073 0.116623 3 0.8723 0.302947 0.517315 0.052362 0.062407 10 0.8540 0.408933 0.446093 0.114187 0.155140 10 0.8539 0.097746 0.726333 0.192734 0.350125 6 0.8483 0.760697 0.328402 0.034019 0.077530 5 0.8381 0.258160 0.673163 0.061623 0.123597 2 0.8296 0.280119 0.567710 0.031516 0.072922 3 0.8269 0.102948 0.941923 0.089104 0.105941 10 0.8184 0.774999 0.572978 0.092110 0.225164 3 0.7839 0.238548 0.631049 0.059381 0.080677 3 0.7827 0.230102 0.833381 0.072451 0.139054 2 0.7803 0.120883 0.807222 0.054002 0.111498 10 0.7120 0.664530 0.324758 0.041324 0.104433 1 0.6681 0.191825 0.719250 0.030595 0.062304 1 0.6533 0.579535 0.494266 0.016854 0.051260 1 0.6415 0.598007 0.523556 0.019384 0.053175 1 0.6410 0.291638 0.767020 0.029267 0.083758 4 0.5036 0.256770 0.674420 0.060900 0.125489 10 0.4832 0.444530 0.366386 0.099222 0.105995 10 0.3725 0.126496 0.552756 0.160594 0.202135 10 0.2934 0.020850 0.652973 0.041700 0.265336 0 0.2545 0.273938 0.487841 0.026242 0.061185 1 0.1982 0.332111 0.725659 0.022052 0.079183 10 0.1762 0.526010 0.315596 0.055399 0.092209
CCTV01^20260318-110000-20260318-120000_000629,5 0.9242 0.524524 0.877395 0.067362 0.192184 10 0.9157 0.899621 0.751686 0.200759 0.379165 10 0.9143 0.668592 0.584143 0.114007 0.264430 5 0.9069 0.295204 0.761800 0.059232 0.143300 10 0.9029 0.621773 0.373359 0.043970 0.129007 9 0.8954 0.347061 0.901408 0.075109 0.162222 3 0.8928 0.323662 0.563915 0.060276 0.067602 3 0.8905 0.326450 0.655172 0.057529 0.091555 10 0.8896 0.300609 0.502875 0.141675 0.177091 2 0.8803 0.175392 0.677119 0.040494 0.093524 3 0.8783 0.150516 0.833133 0.079801 0.109007 10 0.8757 0.776387 0.842811 0.165221 0.314377 12 0.8723 0.486744 0.429504 0.046565 0.085090 3 0.8694 0.214064 0.856517 0.078193 0.140320 3 0.8610 0.271926 0.918253 0.068368 0.160834 5 0.8481 0.411256 0.469925 0.061737 0.073783 3 0.8168 0.209865 0.712140 0.061769 0.097638 3 0.8152 0.373848 0.546680 0.047960 0.063249 10 0.7983 0.681634 0.374425 0.057689 0.134640 2 0.7924 0.214371 0.615186 0.031009 0.077763 6 0.7714 0.793220 0.414483 0.051750 0.115365 10 0.6957 0.126238 0.553827 0.161880 0.199348 3 0.6843 0.254196 0.725143 0.069236 0.120510 10 0.6649 0.778250 0.582502 0.089436 0.225919 10 0.5208 0.500398 0.361275 0.077873 0.103478 3 0.5045 0.431729 0.432431 0.038602 0.036263 1 0.4276 0.603454 0.539641 0.017818 0.055000 9 0.3697 0.484316 0.429449 0.054744 0.082225 1 0.3567 0.440974 0.395420 0.016591 0.028448 3 0.3372 0.462980 0.485937 0.041504 0.036902 10 0.3273 0.020657 0.658373 0.041314 0.277972 10 0.2954 0.691362 0.491155 0.088152 0.193629 1 0.2506 0.589280 0.514231 0.021068 0.057060 1 0.2421 0.573586 0.533686 0.019281 0.056239 2 0.2027 0.970584 0.938474 0.058265 0.118866 2 0.1193 0.006090 0.849857 0.012178 0.098050
CCTV01^20260318-110000-20260318-120000_000633,12 0.9565 0.250013 0.657360 0.087450 0.151834 9 0.9347 0.294374 0.775789 0.071294 0.126295 10 0.9274 0.625456 0.396589 0.054769 0.139132 5 0.9222 0.524794 0.877847 0.067374 0.192910 3 0.9204 0.246714 0.891665 0.060990 0.144353 10 0.9162 0.900185 0.766068 0.195274 0.391703 10 0.9077 0.697553 0.680361 0.131444 0.335632 5 0.9039 0.746782 0.919394 0.076259 0.161213 3 0.8807 0.344042 0.472571 0.042897 0.053788 3 0.8705 0.312090 0.534797 0.054702 0.060752 2 0.8702 0.819543 0.945475 0.054089 0.105874 5 0.8677 0.462961 0.421629 0.045036 0.061670 3 0.8557 0.494458 0.443514 0.037202 0.047323 3 0.8484 0.332230 0.576008 0.061082 0.076187 3 0.8356 0.393390 0.446604 0.029545 0.051077 3 0.8342 0.869254 0.897173 0.095220 0.166075 3 0.8336 0.380877 0.500454 0.048264 0.058629 10 0.8296 0.125270 0.844416 0.175093 0.311167 3 0.8161 0.628381 0.523840 0.031469 0.068705 3 0.8086 0.468200 0.475775 0.047282 0.048477 3 0.8061 0.421644 0.481470 0.045112 0.051661 3 0.7952 0.312630 0.689612 0.058422 0.104811 10 0.6424 0.718901 0.557497 0.105009 0.243091 0 0.6391 0.259059 0.513274 0.022680 0.056441 3 0.5373 0.375429 0.580585 0.071278 0.083259 10 0.4607 0.464430 0.371863 0.079200 0.111894 5 0.4601 0.375626 0.583057 0.075011 0.088002 10 0.4189 0.722915 0.439963 0.114125 0.196855 10 0.4096 0.066992 0.741881 0.133688 0.328536 10 0.4013 0.126021 0.554827 0.159559 0.196436 1 0.3512 0.608727 0.543448 0.026443 0.078298 4 0.2138 0.374959 0.583891 0.073931 0.089134 10 0.2082 0.783781 0.585508 0.082391 0.227181 1 0.1722 0.335279 0.390700 0.017968 0.049920 10 0.1514 0.018985 0.658200 0.037970 0.282352 6 0.1443 0.859131 0.525546 0.090255 0.176870 0 0.1038 0.986491 0.650803 0.027019 0.079625
CCTV01^20260318-110000-20260318-120000_000637,12 0.9505 0.333350 0.523516 0.079181 0.101715 10 0.9371 0.654578 0.501403 0.077651 0.190478 5 0.9348 0.524570 0.877303 0.065910 0.191625 10 0.9327 0.825808 0.771092 0.203303 0.386863 12 0.9225 0.724644 0.622936 0.053242 0.134089 3 0.9076 0.278185 0.714972 0.056222 0.102579 3 0.9071 0.438546 0.453774 0.042604 0.058098 3 0.8966 0.489496 0.443031 0.038559 0.057335 3 0.8927 0.707473 0.727364 0.054488 0.105567 3 0.8610 0.391616 0.495287 0.047571 0.059077 10 0.8326 0.330969 0.441992 0.105577 0.146517 3 0.8069 0.514157 0.406774 0.029264 0.043110 1 0.8066 0.261734 0.782062 0.033822 0.072697 1 0.8043 0.670318 0.899565 0.031439 0.100784 3 0.7944 0.393922 0.452542 0.046975 0.045634 10 0.7803 0.114625 0.850415 0.215894 0.299171 2 0.7751 0.256653 0.527531 0.026728 0.064459 3 0.7414 0.345322 0.624220 0.052178 0.089772 5 0.6759 0.750883 0.538269 0.052471 0.091110 7 0.6468 0.717071 0.849248 0.062899 0.176401 3 0.6265 0.487141 0.389819 0.030715 0.047616 10 0.6181 0.945040 0.835573 0.109616 0.316653 1 0.6151 0.259980 0.644798 0.026373 0.064833 3 0.6145 0.267561 0.895410 0.079371 0.164357 10 0.6120 0.150306 0.724818 0.200506 0.261655 3 0.6091 0.443466 0.418972 0.040486 0.039455 1 0.4704 0.659737 0.797066 0.024843 0.087688 1 0.4469 0.667223 0.689379 0.025071 0.077964 9 0.4146 0.300874 0.602787 0.058980 0.098561 5 0.3866 0.267864 0.895538 0.079478 0.168414 12 0.3811 0.716204 0.849488 0.059826 0.179089 10 0.3739 0.136347 0.616971 0.183533 0.258565 10 0.3491 0.732997 0.450835 0.112121 0.168544 3 0.2693 0.456978 0.487211 0.042218 0.034889 3 0.2170 0.445610 0.390053 0.042691 0.037196 2 0.1799 0.633654 0.096974 0.039052 0.069177 10 0.1770 0.022288 0.652965 0.044576 0.263376 3 0.1529 0.751880 0.539342 0.048330 0.091423 10 0.1022 0.901942 0.629499 0.155753 0.285864
CCTV01^20260318-110000-20260318-120000_000641,12 0.9478 0.392034 0.465058 0.066209 0.088694 10 0.9247 0.840038 0.787304 0.208699 0.397961 5 0.9212 0.524901 0.877718 0.067034 0.192411 10 0.9085 0.699170 0.686332 0.112536 0.314892 10 0.9068 0.224121 0.705210 0.161813 0.298264 5 0.8788 0.480562 0.453728 0.042443 0.067191 5 0.8521 0.293675 0.734208 0.075184 0.143756 10 0.8237 0.420516 0.374160 0.102149 0.103447 5 0.6634 0.344293 0.618854 0.051191 0.095266 10 0.5431 0.069933 0.804050 0.138942 0.318925 3 0.5149 0.728367 0.511782 0.058466 0.089327 0 0.4400 0.360675 0.923217 0.033058 0.093201 6 0.4312 0.241954 0.903677 0.105029 0.184932 3 0.4306 0.630402 0.489458 0.033927 0.073949 3 0.4042 0.437197 0.445202 0.043564 0.048467 10 0.3622 0.104250 0.892595 0.189447 0.214811 1 0.2643 0.360671 0.938676 0.030481 0.057840 3 0.2582 0.621075 0.410534 0.026909 0.053821 1 0.2449 0.325169 0.793518 0.028909 0.085323 1 0.2224 0.325579 0.818756 0.023519 0.047122 3 0.1695 0.619875 0.369086 0.022877 0.039951 10 0.1627 0.022306 0.653445 0.044598 0.268405 10 0.1480 0.212789 0.599224 0.167092 0.240432 3 0.1222 0.398490 0.558226 0.038658 0.065850 3 0.1159 0.515393 0.396075 0.031259 0.049939 1 0.1107 0.330635 0.661321 0.019656 0.053392
CCTV01^20260318-110000-20260318-120000_000645,10 0.9335 0.836032 0.785521 0.211852 0.401697 6 0.9333 0.255349 0.861163 0.094653 0.268581 12 0.9292 0.344597 0.836633 0.066964 0.149206 3 0.9225 0.714827 0.831533 0.066187 0.151110 12 0.9224 0.422617 0.433200 0.061464 0.091045 5 0.9207 0.525230 0.876945 0.066115 0.191867 3 0.9094 0.709965 0.665797 0.051380 0.129611 10 0.9081 0.697569 0.435520 0.054249 0.173812 3 0.8998 0.667885 0.625586 0.045171 0.093251 3 0.8899 0.707948 0.563591 0.047315 0.088234 10 0.8861 0.264727 0.631961 0.147363 0.242495 3 0.8834 0.651070 0.554964 0.044670 0.074997 5 0.8812 0.333757 0.649149 0.070911 0.119546 5 0.8654 0.487386 0.440156 0.038748 0.064598 10 0.8602 0.627700 0.381767 0.042982 0.140934 10 0.8547 0.131439 0.836939 0.197859 0.326123 3 0.8103 0.643467 0.503711 0.040499 0.060935 10 0.7336 0.490831 0.327481 0.071914 0.085485 10 0.6519 0.151589 0.651168 0.209190 0.263625 3 0.6430 0.370113 0.558596 0.046698 0.083943 3 0.6044 0.464426 0.481101 0.048113 0.049501 3 0.5635 0.765400 0.479471 0.029569 0.062404 3 0.5607 0.743642 0.533073 0.048115 0.091827 10 0.2086 0.021622 0.639438 0.043244 0.242083 10 0.1162 0.914317 0.812241 0.171291 0.363998
CCTV01^20260318-110000-20260318-120000_000649,12 0.9515 0.331793 0.809228 0.077605 0.127167 10 0.9387 0.693700 0.490350 0.056212 0.206826 10 0.9319 0.837839 0.785813 0.199782 0.395081 5 0.9204 0.525034 0.877521 0.067267 0.193894 3 0.9181 0.683979 0.681885 0.053935 0.118666 3 0.9083 0.727353 0.848565 0.074339 0.157930 10 0.9043 0.198844 0.720127 0.144364 0.317315 10 0.8959 0.637000 0.500173 0.058022 0.200621 10 0.8577 0.384878 0.498178 0.122391 0.174165 3 0.8362 0.249994 0.938200 0.066772 0.121806 6 0.7785 0.294977 0.693394 0.083320 0.209294 2 0.7521 0.041091 0.799055 0.060516 0.108043 0 0.7199 0.313180 0.905170 0.040911 0.079444 3 0.6031 0.169800 0.948562 0.079851 0.102877 3 0.5943 0.465606 0.481854 0.043299 0.046290 3 0.5468 0.728382 0.642184 0.038564 0.107620 3 0.5268 0.490175 0.445153 0.038211 0.053901 1 0.4113 0.091117 0.748507 0.030528 0.078762 1 0.2200 0.115351 0.743256 0.030776 0.078526 5 0.1986 0.504496 0.403336 0.031727 0.054714 10 0.1950 0.021736 0.659538 0.043472 0.275229 3 0.1532 0.468789 0.424133 0.036591 0.060284 10 0.1436 0.295052 0.694051 0.085083 0.201485 1 0.1333 0.274918 0.823043 0.025111 0.075536 10 0.1305 0.916059 0.815880 0.167882 0.361224 0 0.1198 0.314528 0.498945 0.134362 0.176194 0 0.1124 0.123934 0.560165 0.150627 0.210307
CCTV01^20260318-110000-20260318-120000_000654,12 0.9276 0.293653 0.733114 0.062031 0.126175 10 0.9249 0.836494 0.787078 0.216074 0.404339 5 0.9162 0.524121 0.877651 0.067862 0.191884 10 0.9158 0.703899 0.511246 0.071549 0.219096 3 0.9137 0.256032 0.871448 0.058292 0.135953 10 0.9009 0.741307 0.807543 0.158338 0.383170 10 0.8900 0.291129 0.590148 0.163507 0.229420 5 0.8873 0.485383 0.449575 0.045183 0.069571 3 0.8799 0.328804 0.834113 0.068946 0.131583 3 0.8783 0.161499 0.901482 0.072872 0.150222 3 0.8159 0.222930 0.764841 0.058481 0.102158 3 0.8014 0.756557 0.519702 0.034407 0.077526 10 0.6375 0.640862 0.462226 0.048416 0.141924 9 0.4757 0.058731 0.836701 0.117463 0.263660 3 0.2262 0.769831 0.467770 0.030245 0.068035 11 0.2055 0.059888 0.831892 0.119775 0.256808 10 0.1747 0.022551 0.663762 0.045103 0.294729 5 0.1455 0.221456 0.955186 0.077419 0.089627 2 0.1226 0.153642 0.681491 0.056105 0.090418 0 0.1083 0.153600 0.681683 0.055411 0.090463
CCTV01^20260318-110000-20260318-120000_000658,10 0.9536 0.700892 0.519759 0.061687 0.221446 10 0.9372 0.836643 0.785885 0.213142 0.398191 5 0.9275 0.524782 0.877300 0.067101 0.191402 5 0.9127 0.234800 0.902646 0.078631 0.181676 3 0.9084 0.258213 0.779217 0.048734 0.111227 10 0.8819 0.387316 0.495806 0.128656 0.176227 3 0.8723 0.250222 0.685285 0.060489 0.083737 3 0.8623 0.186414 0.810345 0.072713 0.118137 10 0.8420 0.103513 0.796117 0.207027 0.374527 10 0.7949 0.640937 0.463191 0.048749 0.141555 1 0.7823 0.785843 0.959958 0.036282 0.071770 12 0.7099 0.301878 0.625170 0.042252 0.103678 3 0.6166 0.314450 0.722337 0.045920 0.113599 0 0.5668 0.359819 0.947812 0.050838 0.092779 5 0.5309 0.493137 0.434459 0.041438 0.066644 5 0.4836 0.315128 0.723835 0.047104 0.113364 10 0.4021 0.929963 0.800139 0.140074 0.395318 3 0.2572 0.493032 0.433954 0.041667 0.065989 8 0.1832 0.302955 0.624782 0.044630 0.105939 10 0.1252 0.022740 0.661736 0.045479 0.277280
CCTV01^20260318-110000-20260318-120000_000662,5 0.9233 0.524750 0.876785 0.068077 0.191080 10 0.9229 0.700288 0.520884 0.061499 0.225087 10 0.8894 0.179645 0.681162 0.238056 0.284758 5 0.8757 0.259505 0.797122 0.063119 0.155247 3 0.8666 0.334911 0.639208 0.064069 0.083652 10 0.8542 0.886250 0.824012 0.227500 0.349248 5 0.8396 0.769545 0.600698 0.048682 0.118965 10 0.7864 0.451557 0.423987 0.099207 0.139169 3 0.7805 0.362612 0.860210 0.097971 0.128379 3 0.6293 0.379532 0.568023 0.060543 0.074768 10 0.6266 0.641161 0.463708 0.047787 0.143891 3 0.5952 0.748528 0.668035 0.065610 0.112456 1 0.2644 0.298433 0.813953 0.023387 0.074599 10 0.2258 0.041136 0.877010 0.082098 0.211719 10 0.2120 0.022861 0.644559 0.045722 0.258232 7 0.2094 0.309529 0.927167 0.118492 0.144899 0 0.1999 0.312510 0.752469 0.035481 0.089414 9 0.1702 0.314054 0.929675 0.108139 0.140650 3 0.1694 0.805958 0.530879 0.034250 0.079850 11 0.1438 0.316628 0.931344 0.107606 0.137311 9 0.1182 0.039888 0.879700 0.079777 0.187398 4 0.1135 0.302970 0.925585 0.129497 0.135798 1 0.1116 0.810102 0.603534 0.019912 0.069187
CCTV01^20260318-110000-20260318-120000_000666,5 0.9220 0.524939 0.876678 0.067282 0.190412 10 0.8889 0.720106 0.677756 0.106577 0.346174 10 0.8771 0.335039 0.563311 0.158883 0.248284 5 0.8597 0.268753 0.759494 0.059732 0.147509 3 0.8125 0.341352 0.824511 0.088956 0.109292 3 0.7509 0.487152 0.455991 0.039752 0.051065 5 0.7468 0.785309 0.660911 0.055618 0.139878 5 0.5722 0.502921 0.406077 0.032117 0.050804 6 0.5387 0.649551 0.508922 0.057109 0.148657 2 0.4538 0.188690 0.822197 0.097351 0.154072 3 0.4196 0.041279 0.846893 0.082558 0.137450 10 0.3063 0.910194 0.862190 0.179612 0.275620 3 0.2746 0.502893 0.405217 0.034028 0.051934 7 0.2583 0.275111 0.897846 0.135431 0.152719 5 0.1457 0.882200 0.701485 0.065159 0.112812 4 0.1383 0.187531 0.818801 0.091054 0.157164 10 0.1280 0.128000 0.553797 0.163241 0.208251 3 0.1126 0.757418 0.510338 0.044733 0.089859 3 0.1122 0.816495 0.638221 0.039992 0.101778
CCTV01^20260318-110000-20260318-120000_000670,6 0.9450 0.674119 0.582171 0.081214 0.189362 5 0.9225 0.524422 0.877746 0.068152 0.194292 10 0.8939 0.784060 0.819866 0.198560 0.360268 5 0.8802 0.316308 0.636042 0.072797 0.109723 10 0.7689 0.163121 0.719346 0.166432 0.313834 2 0.7355 0.421017 0.906250 0.067736 0.122040 9 0.6396 0.165507 0.719382 0.161448 0.317713 3 0.4560 0.304050 0.734674 0.053287 0.093220 10 0.4410 0.453342 0.424929 0.097425 0.141943 1 0.3785 0.063213 0.795277 0.025136 0.078274 3 0.3736 0.888728 0.727690 0.074798 0.155917 12 0.2614 0.073602 0.929730 0.122489 0.140540 3 0.1835 0.385159 0.583801 0.063327 0.062589 11 0.1829 0.947149 0.803070 0.059817 0.161031 3 0.1736 0.516019 0.392753 0.028765 0.048576 4 0.1530 0.947689 0.803009 0.059996 0.160060 12 0.1352 0.945400 0.804151 0.064731 0.153335 5 0.1055 0.807098 0.740071 0.062448 0.152046
CCTV01^20260318-110000-20260318-120000_000674,6 0.9654 0.698928 0.643245 0.093731 0.213144 5 0.9426 0.524528 0.876896 0.067376 0.189552 6 0.8457 0.945985 0.719360 0.108031 0.288019 5 0.8442 0.319938 0.634316 0.071809 0.113978 10 0.8345 0.199827 0.661674 0.169193 0.267682 3 0.8165 0.721354 0.880102 0.066655 0.169682 3 0.7994 0.881017 0.849656 0.073236 0.157865 10 0.6972 0.471307 0.405858 0.092125 0.128340 0 0.6622 0.959745 0.828191 0.052487 0.131515 0 0.5864 0.389040 0.514602 0.036867 0.060630 2 0.5259 0.762222 0.770778 0.036893 0.107514 10 0.4980 0.944979 0.722464 0.110042 0.289279 12 0.4696 0.375129 0.467179 0.068683 0.099557 3 0.4381 0.303829 0.729913 0.050342 0.094551 3 0.3398 0.067113 0.949475 0.063776 0.099468 7 0.3072 0.236239 0.809777 0.070704 0.156611 1 0.2232 0.837223 0.677432 0.026282 0.075045 4 0.2172 0.884907 0.714734 0.047359 0.107403 12 0.1628 0.101535 0.815641 0.063471 0.152861 0 0.1587 0.248600 0.926124 0.055099 0.122703 10 0.1326 0.065031 0.761046 0.130062 0.310681 3 0.1151 0.389333 0.574979 0.047270 0.062447 1 0.1144 0.619005 0.553987 0.023171 0.055766 2 0.1015 0.796846 0.601928 0.048027 0.115846
CCTV01^20260318-110000-20260318-120000_000725,10 0.9378 0.625645 0.318532 0.035715 0.097995 3 0.9183 0.522808 0.871899 0.068535 0.193334 3 0.8981 0.714001 0.866433 0.072440 0.159296 3 0.8956 0.744495 0.673305 0.061392 0.113416 10 0.8826 0.234240 0.609204 0.177888 0.242323 10 0.8796 0.426854 0.405018 0.100611 0.133900 3 0.8785 0.733354 0.582088 0.047255 0.087261 3 0.8784 0.257179 0.919886 0.079700 0.149758 3 0.8767 0.316809 0.670002 0.060388 0.088641 10 0.8753 0.334845 0.472648 0.142549 0.160645 3 0.8717 0.187328 0.895021 0.088764 0.138564 3 0.8694 0.357278 0.592297 0.071379 0.075897 3 0.8664 0.686403 0.652120 0.051906 0.098905 3 0.8566 0.244420 0.745901 0.079293 0.104832 3 0.8460 0.732931 0.509982 0.041789 0.084861 0 0.8139 0.302851 0.784752 0.046979 0.093855 2 0.8117 0.653435 0.561289 0.034338 0.080731 10 0.7950 0.067453 0.833883 0.133842 0.327896 2 0.7818 0.703388 0.729290 0.050648 0.110839 0 0.7622 0.925191 0.696775 0.043900 0.106745 0 0.7324 0.760553 0.802331 0.037702 0.121238 0 0.6780 0.790342 0.745753 0.038639 0.098649 4 0.6740 0.690831 0.515174 0.054088 0.103269 3 0.6721 0.419883 0.499882 0.048335 0.059377 1 0.6469 0.704362 0.729389 0.053957 0.114336 4 0.6289 0.784065 0.647224 0.052070 0.106562 2 0.6086 0.866869 0.542898 0.032088 0.073520 0 0.5905 0.165056 0.774890 0.030977 0.076381 3 0.5883 0.491264 0.420411 0.033249 0.044651 1 0.5184 0.247602 0.810044 0.031567 0.081846 10 0.4968 0.676836 0.351120 0.049200 0.122227 10 0.4286 0.885014 0.839602 0.184424 0.320795 1 0.4205 0.374720 0.956252 0.035403 0.079192 1 0.4034 0.166040 0.776835 0.031665 0.073265 1 0.3296 0.985816 0.821178 0.027752 0.070197 7 0.3244 0.783530 0.648825 0.052547 0.108512 0 0.2997 0.788697 0.519625 0.024827 0.072453 0 0.2923 0.974274 0.912160 0.050400 0.136221 0 0.2571 0.807059 0.496011 0.020256 0.065031 2 0.2454 0.518857 0.394209 0.019590 0.046029 0 0.2374 0.939225 0.848620 0.027694 0.100427 1 0.2019 0.399982 0.530480 0.023396 0.054907 3 0.1905 0.690229 0.514705 0.052585 0.098728 2 0.1596 0.883855 0.525228 0.032453 0.067314 1 0.1360 0.992952 0.707582 0.014059 0.080491 1 0.1283 0.196473 0.498067 0.017436 0.049229 3 0.1089 0.453223 0.444019 0.046185 0.048177
CCTV01^20260318-110000-20260318-120000_000729,3 0.9251 0.522338 0.872175 0.070868 0.193745 4 0.9178 0.758238 0.678054 0.072648 0.150152 3 0.9108 0.736782 0.917218 0.075930 0.165565 10 0.9012 0.080285 0.803993 0.160397 0.380419 3 0.9006 0.832741 0.910838 0.094937 0.162841 3 0.9001 0.277668 0.923895 0.072448 0.146644 10 0.8883 0.632909 0.368296 0.052313 0.122510 10 0.8840 0.384730 0.436144 0.117362 0.152651 3 0.8727 0.284975 0.805274 0.062146 0.116533 3 0.8705 0.911881 0.837599 0.097835 0.161756 2 0.8570 0.699678 0.791344 0.045090 0.109067 3 0.8558 0.268835 0.707749 0.071687 0.100404 2 0.8488 0.229100 0.818637 0.045876 0.115792 3 0.8385 0.343069 0.621858 0.059301 0.077289 10 0.8274 0.685941 0.374267 0.058815 0.137684 10 0.8254 0.270739 0.580069 0.180415 0.237073 0 0.8239 0.704441 0.634195 0.029368 0.092582 3 0.7959 0.821623 0.689893 0.086051 0.147999 2 0.7891 0.883257 0.703810 0.050358 0.101616 10 0.7637 0.466805 0.370473 0.083334 0.115300 3 0.7630 0.190156 0.779248 0.069772 0.117466 3 0.7282 0.149248 0.934333 0.087093 0.131334 3 0.7244 0.392680 0.563272 0.049768 0.064253 3 0.6998 0.465853 0.435803 0.036487 0.047800 2 0.6421 0.981405 0.674344 0.037190 0.093791 5 0.5679 0.494212 0.456154 0.043202 0.073243 0 0.5060 0.211718 0.926369 0.046125 0.123813 1 0.4828 0.964246 0.739568 0.040220 0.082909 4 0.4730 0.820846 0.773053 0.057339 0.114831 1 0.4726 0.853246 0.625838 0.024576 0.077927 3 0.4136 0.494042 0.455431 0.042713 0.069628 1 0.2887 0.432553 0.468004 0.029211 0.053575 0 0.2620 0.939301 0.618082 0.035584 0.097656 3 0.2457 0.516468 0.384356 0.034959 0.040591 0 0.2002 0.322170 0.726345 0.033926 0.070625 5 0.1286 0.361654 0.953660 0.099188 0.092680 3 0.1108 0.821369 0.779386 0.056974 0.121438
CCTV01^20260318-110000-20260318-120000_000733,3 0.9158 0.522406 0.870930 0.069326 0.194576 10 0.8967 0.290645 0.497931 0.142794 0.181209 10 0.8930 0.737245 0.543191 0.142688 0.213756 3 0.8912 0.241442 0.915089 0.075235 0.151971 2 0.8897 0.721341 0.928863 0.050390 0.126984 3 0.8874 0.177600 0.847662 0.091416 0.151050 3 0.8720 0.919215 0.920895 0.083389 0.157381 3 0.8678 0.273921 0.626349 0.077663 0.095390 3 0.8658 0.348968 0.606526 0.058066 0.077223 0 0.8535 0.712287 0.788780 0.036953 0.104366 4 0.8517 0.820705 0.805663 0.105490 0.183258 11 0.8444 0.293963 0.791352 0.062551 0.147734 10 0.8418 0.069477 0.628630 0.138917 0.258055 3 0.8365 0.213319 0.640194 0.068070 0.086352 3 0.8116 0.493932 0.440148 0.036960 0.049811 2 0.8084 0.349612 0.921313 0.062125 0.128623 10 0.8047 0.451180 0.411122 0.088857 0.134931 2 0.8026 0.150996 0.699180 0.041184 0.095429 0 0.7939 0.644411 0.874958 0.028223 0.096915 4 0.7471 0.797809 0.917357 0.066180 0.158010 3 0.7429 0.314197 0.688418 0.063971 0.082624 4 0.7406 0.778794 0.699519 0.065028 0.119281 3 0.7383 0.395828 0.504505 0.053972 0.060206 2 0.7100 0.333533 0.752282 0.051098 0.101151 0 0.6942 0.211652 0.701134 0.042671 0.107297 5 0.6705 0.821079 0.810811 0.103271 0.189570 1 0.6375 0.643849 0.875416 0.029546 0.099252 0 0.6184 0.984346 0.843492 0.031169 0.125241 3 0.5859 0.515633 0.396258 0.027656 0.041855 0 0.5525 0.358680 0.852162 0.044021 0.111500 2 0.5194 0.376532 0.456984 0.024651 0.052455 0 0.4325 0.990388 0.694899 0.019224 0.094588 3 0.3510 0.467979 0.478574 0.049613 0.057038 1 0.3193 0.050332 0.756771 0.026601 0.092113 3 0.2811 0.796970 0.918265 0.068151 0.159697 1 0.2627 0.388672 0.430400 0.023590 0.044531 1 0.1817 0.302344 0.643220 0.026316 0.057138 10 0.1228 0.632168 0.438632 0.046856 0.181185 12 0.1084 0.632458 0.436445 0.046440 0.186910
CCTV01^20260318-110000-20260318-120000_000737,10 0.9205 0.896551 0.796783 0.185488 0.400818 3 0.8922 0.082792 0.939049 0.088881 0.119737 3 0.8835 0.310251 0.836311 0.079550 0.139629 11 0.8721 0.322384 0.457386 0.036717 0.071291 3 0.8710 0.522683 0.870299 0.069245 0.196146 3 0.8681 0.656511 0.604165 0.055966 0.099101 3 0.8642 0.277941 0.633494 0.073814 0.102122 11 0.8380 0.745782 0.644194 0.114611 0.215467 3 0.8278 0.292919 0.711227 0.069011 0.100911 1 0.7779 0.225173 0.615995 0.028082 0.065448 5 0.7690 0.233290 0.795797 0.071657 0.153615 1 0.7648 0.142814 0.809249 0.035041 0.091286 2 0.7285 0.336752 0.632553 0.036825 0.080967 10 0.6994 0.788510 0.558587 0.123450 0.239472 6 0.6979 0.076621 0.798161 0.153189 0.308450 0 0.6937 0.289321 0.928580 0.067229 0.100803 9 0.6545 0.756502 0.819562 0.090884 0.226590 3 0.6507 0.361846 0.542692 0.066137 0.081218 10 0.6143 0.411116 0.400465 0.114302 0.145783 1 0.5698 0.346269 0.771710 0.028912 0.080477 2 0.5313 0.485361 0.450043 0.039308 0.056482 0 0.5202 0.219036 0.892055 0.052946 0.115845 3 0.4978 0.509761 0.406542 0.033637 0.051453 1 0.4921 0.700325 0.853761 0.031848 0.109495 0 0.4899 0.216611 0.542970 0.028522 0.064776 4 0.4383 0.633706 0.510856 0.038306 0.075773 3 0.4235 0.758984 0.819800 0.093110 0.225833 3 0.3976 0.691258 0.426136 0.033516 0.062214 0 0.3808 0.263294 0.445377 0.019081 0.050934 1 0.3660 0.258465 0.568047 0.024012 0.059488 0 0.3632 0.149954 0.917011 0.044155 0.113652 3 0.3533 0.184454 0.974369 0.072492 0.051262 0 0.3429 0.989849 0.837883 0.020303 0.100514 3 0.3308 0.390504 0.474943 0.049909 0.056378 3 0.3164 0.485539 0.448274 0.040157 0.058485 4 0.3057 0.758598 0.816603 0.092054 0.227470 10 0.3002 0.080947 0.586235 0.151747 0.212706 4 0.2875 0.193463 0.746548 0.069129 0.132615 0 0.2826 0.287679 0.485436 0.023216 0.057801 9 0.2756 0.191492 0.745347 0.072530 0.162500 2 0.2752 0.361634 0.544666 0.068279 0.083170 10 0.2509 0.078482 0.805815 0.154967 0.323389 1 0.2377 0.149886 0.918439 0.043210 0.117371 7 0.2018 0.191962 0.744728 0.070502 0.155274 3 0.2002 0.465163 0.485326 0.048046 0.040825 3 0.1978 0.380178 0.588661 0.064264 0.061244 2 0.1869 0.510219 0.408191 0.032888 0.049004 0 0.1736 0.984288 0.746394 0.031257 0.098579 1 0.1690 0.991054 0.834768 0.017663 0.106498 2 0.1640 0.390943 0.473951 0.049061 0.054657 11 0.1336 0.074647 0.805554 0.148810 0.313498 1 0.1300 0.185454 0.838823 0.027187 0.073000 1 0.1119 0.694097 0.473991 0.019849 0.056421
CCTV01^20260318-110000-20260318-120000_000741,3 0.9042 0.523131 0.871877 0.069612 0.193622 3 0.8972 0.199809 0.725638 0.085379 0.114160 3 0.8951 0.751235 0.670956 0.057336 0.106096 3 0.8948 0.306506 0.808355 0.072184 0.137076 10 0.8916 0.217325 0.531408 0.150984 0.205400 4 0.8905 0.697709 0.744092 0.056422 0.138293 4 0.8864 0.671672 0.585689 0.055839 0.111121 10 0.8848 0.808371 0.599215 0.137458 0.269680 3 0.8783 0.769458 0.792540 0.065218 0.142258 3 0.8499 0.301426 0.938113 0.074871 0.123108 10 0.8463 0.907871 0.819293 0.184151 0.355338 3 0.8325 0.262466 0.613288 0.062654 0.081425 3 0.8162 0.384784 0.905106 0.101866 0.166740 5 0.8141 0.285485 0.677451 0.079299 0.131795 3 0.8069 0.105174 0.944304 0.085590 0.109736 3 0.8036 0.069864 0.871863 0.107431 0.167278 6 0.7956 0.357780 0.448063 0.094026 0.131079 10 0.7855 0.080519 0.591683 0.142525 0.231629 2 0.7585 0.229711 0.776220 0.045687 0.106407 3 0.7569 0.188114 0.944776 0.070126 0.110449 2 0.6057 0.416229 0.505399 0.036552 0.069215 3 0.5856 0.475815 0.474445 0.044941 0.057334 3 0.5014 0.697203 0.948095 0.067835 0.103810 2 0.4979 0.695084 0.462028 0.040818 0.067612 3 0.4946 0.384618 0.577581 0.056265 0.070934 7 0.4494 0.672583 0.585803 0.057728 0.113856 1 0.3955 0.230346 0.775869 0.043543 0.110563 1 0.3462 0.329950 0.600408 0.021750 0.065328 3 0.3398 0.619889 0.373458 0.025099 0.052806 7 0.3232 0.860650 0.910275 0.137802 0.170550 0 0.3018 0.163658 0.855435 0.062681 0.102988 1 0.2707 0.371311 0.513538 0.035312 0.062929 10 0.2511 0.615028 0.476911 0.042584 0.101761 0 0.2091 0.964297 0.668555 0.042699 0.102971 3 0.1884 0.595802 0.420078 0.038417 0.063612 2 0.1611 0.475175 0.473846 0.046094 0.058717 4 0.1550 0.863958 0.910573 0.142330 0.167820 3 0.1287 0.449037 0.452516 0.048573 0.059127 1 0.1280 0.172965 0.868173 0.045642 0.083472 3 0.1207 0.495277 0.427175 0.031530 0.051666 0 0.1147 0.983734 0.750107 0.032422 0.085128 0 0.1130 0.201798 0.639010 0.045708 0.079567 10 0.1125 0.663762 0.354035 0.057078 0.112598 2 0.1055 0.451269 0.452100 0.048848 0.057253
CCTV01^20260318-110000-20260318-120000_000745,10 0.9293 0.894204 0.770346 0.190128 0.399670 3 0.9169 0.208106 0.737128 0.081499 0.125815 3 0.9053 0.792092 0.870638 0.070080 0.155050 3 0.8934 0.309553 0.676145 0.076616 0.123254 10 0.8933 0.783908 0.523290 0.120750 0.207909 3 0.8840 0.295696 0.620075 0.071224 0.087898 3 0.8825 0.682683 0.555800 0.048013 0.092064 3 0.8804 0.522582 0.871075 0.069810 0.198170 9 0.8612 0.333899 0.876845 0.118632 0.230116 10 0.8463 0.086584 0.589855 0.149589 0.236136 10 0.8307 0.345483 0.416320 0.113289 0.143418 3 0.8088 0.028950 0.860088 0.057899 0.119519 4 0.7862 0.242580 0.792798 0.060938 0.150606 5 0.7467 0.129890 0.838251 0.076979 0.163021 3 0.7378 0.374627 0.563135 0.066673 0.088527 3 0.7092 0.037182 0.790813 0.074364 0.121278 1 0.6900 0.195133 0.660899 0.041234 0.075085 7 0.5999 0.647634 0.465045 0.055548 0.124843 3 0.5548 0.367191 0.502258 0.051216 0.072054 10 0.5444 0.700488 0.395760 0.063111 0.137355 4 0.4886 0.697815 0.721441 0.062054 0.183227 3 0.4502 0.049871 0.953402 0.090080 0.093196 3 0.4421 0.284720 0.567415 0.065891 0.091804 5 0.4401 0.284588 0.566920 0.064922 0.086806 3 0.3824 0.242591 0.791766 0.064032 0.146947 3 0.3456 0.476936 0.474772 0.044608 0.056008 2 0.3287 0.502052 0.431738 0.036641 0.048682 11 0.2955 0.335135 0.875003 0.118403 0.233369 5 0.2936 0.374787 0.564773 0.067149 0.093480 2 0.2917 0.367345 0.508646 0.050385 0.078906 1 0.2871 0.237724 0.630058 0.034075 0.074258 4 0.2807 0.310516 0.498507 0.065193 0.088096 3 0.2760 0.501583 0.433601 0.038201 0.054764 0 0.2472 0.013524 0.923121 0.027048 0.093890 2 0.2295 0.476359 0.474604 0.047015 0.057205 9 0.2274 0.647265 0.465058 0.055549 0.122461 4 0.2199 0.334639 0.873221 0.119054 0.234072 12 0.1970 0.334927 0.878606 0.115389 0.236811 3 0.1891 0.420675 0.419613 0.045553 0.047488 0 0.1769 0.188865 0.844385 0.039099 0.098341 3 0.1621 0.697755 0.719838 0.064878 0.188486 8 0.1467 0.696853 0.718994 0.065027 0.181572 0 0.1105 0.970793 0.737725 0.045677 0.096195
CCTV01^20260318-110000-20260318-120000_000749,3 0.9240 0.118394 0.793568 0.083665 0.118952 3 0.9125 0.242955 0.773247 0.075843 0.117244 3 0.9112 0.633579 0.450134 0.035296 0.077805 3 0.9026 0.522526 0.871306 0.069435 0.194531 3 0.8956 0.145304 0.700395 0.086849 0.097695 4 0.8895 0.189147 0.735491 0.072476 0.141779 4 0.8772 0.269835 0.842891 0.063418 0.160449 3 0.8735 0.128229 0.906088 0.104553 0.146667 10 0.8725 0.109531 0.561392 0.143913 0.227968 3 0.8639 0.660826 0.533908 0.043346 0.079780 10 0.8579 0.750191 0.509686 0.080229 0.199254 10 0.8415 0.772705 0.791496 0.136027 0.396469 3 0.8184 0.298634 0.692025 0.054420 0.094154 5 0.8169 0.324893 0.778938 0.069829 0.165204 3 0.8142 0.671269 0.646133 0.057437 0.123306 3 0.8116 0.680652 0.474218 0.032702 0.067069 3 0.7648 0.200045 0.915615 0.073988 0.162260 5 0.7279 0.328027 0.534390 0.072326 0.092414 4 0.7232 0.670320 0.644653 0.058357 0.124371 3 0.7205 0.258498 0.622071 0.048269 0.104256 10 0.7186 0.388442 0.387914 0.118466 0.133619 9 0.7162 0.345367 0.597847 0.087807 0.135389 10 0.7143 0.916664 0.826357 0.166581 0.347286 3 0.6887 0.345988 0.952891 0.070612 0.094217 10 0.6693 0.042680 0.801305 0.085269 0.319191 5 0.4540 0.199490 0.916094 0.074984 0.156017 3 0.4520 0.386585 0.528677 0.066488 0.061963 4 0.3771 0.258184 0.620462 0.049222 0.102011 11 0.3434 0.345842 0.600674 0.091985 0.143604 3 0.3184 0.210475 0.502163 0.034782 0.059365 10 0.3172 0.877148 0.626936 0.174956 0.252702 4 0.3099 0.328512 0.534601 0.071179 0.091082 10 0.2804 0.631710 0.360986 0.039713 0.122681 10 0.2344 0.022507 0.633540 0.044986 0.249491 0 0.1789 0.215815 0.645568 0.034656 0.085218 4 0.1606 0.685554 0.406353 0.030623 0.066388 0 0.1320 0.263237 0.487555 0.027017 0.069925 3 0.1228 0.511989 0.406618 0.029601 0.048063
CCTV01^20260318-110000-20260318-120000_000753,3 0.9263 0.231598 0.797095 0.079741 0.125487 3 0.9246 0.316999 0.781571 0.062214 0.118836 3 0.9082 0.714013 0.745978 0.068368 0.159911 3 0.9062 0.212860 0.655742 0.076010 0.098553 3 0.9039 0.267400 0.912507 0.080124 0.164332 3 0.9004 0.522484 0.870956 0.069553 0.196787 3 0.8938 0.158414 0.862427 0.087335 0.135558 3 0.8890 0.130577 0.800248 0.089293 0.133942 3 0.8812 0.269572 0.583160 0.073048 0.084709 10 0.8798 0.805865 0.632678 0.145862 0.282111 10 0.8730 0.137699 0.624338 0.188473 0.275830 4 0.8688 0.273647 0.679464 0.053330 0.120579 10 0.8480 0.664795 0.474385 0.074968 0.179440 3 0.8164 0.293231 0.609248 0.062436 0.081382 3 0.8043 0.344595 0.931052 0.077563 0.137895 3 0.7704 0.360982 0.481784 0.044546 0.052665 3 0.7516 0.358290 0.529745 0.051078 0.067632 3 0.7482 0.172945 0.947306 0.098079 0.097709 5 0.7097 0.338998 0.625840 0.066226 0.122154 1 0.7064 0.798579 0.835700 0.032052 0.097510 10 0.6892 0.917545 0.822000 0.164909 0.355319 4 0.6802 0.301814 0.472561 0.032252 0.076009 10 0.6707 0.415888 0.370813 0.113154 0.122723 2 0.6333 0.683416 0.637736 0.034109 0.083692 9 0.5188 0.388867 0.537573 0.070670 0.110215 1 0.4906 0.683625 0.637249 0.035250 0.084046 1 0.4697 0.312852 0.538423 0.031932 0.060929 10 0.3914 0.109851 0.550857 0.137602 0.201698 3 0.3577 0.712089 0.575797 0.044058 0.089200 11 0.3322 0.393424 0.537585 0.084996 0.138781 7 0.3006 0.301675 0.472012 0.031788 0.076983 3 0.2863 0.229894 0.434405 0.033067 0.054592 10 0.2589 0.020419 0.637755 0.040636 0.254720 0 0.2135 0.119079 0.723540 0.044107 0.075705 2 0.2029 0.006680 0.836222 0.013360 0.114058 0 0.1456 0.167778 0.708961 0.034344 0.091760 3 0.1304 0.491845 0.452835 0.033204 0.056711
CCTV01^20260318-110000-20260318-120000_000757,11 0.9323 0.644641 0.451198 0.046417 0.139542 3 0.9236 0.203510 0.717753 0.063633 0.110041 3 0.9131 0.260027 0.706990 0.065104 0.109457 3 0.9090 0.244053 0.913245 0.081571 0.156361 10 0.9086 0.762983 0.815707 0.168349 0.357132 3 0.9060 0.315256 0.798909 0.067608 0.136134 3 0.9009 0.522593 0.870996 0.068861 0.195464 3 0.8994 0.137548 0.779507 0.074678 0.122888 3 0.8980 0.232176 0.801716 0.071829 0.121941 3 0.8960 0.323941 0.663257 0.065628 0.106505 3 0.8941 0.212947 0.638231 0.058065 0.092455 10 0.8909 0.358386 0.444907 0.139247 0.168255 3 0.8847 0.316873 0.541029 0.068822 0.078792 3 0.8826 0.160558 0.921575 0.082000 0.154835 3 0.8744 0.263838 0.592364 0.057106 0.089041 3 0.8414 0.376746 0.572134 0.054090 0.083401 10 0.8172 0.837768 0.677077 0.169450 0.312726 2 0.7923 0.047206 0.814862 0.062147 0.120183 10 0.7801 0.701109 0.539776 0.065670 0.225679 4 0.7782 0.289447 0.611389 0.054863 0.108728 1 0.7319 0.155572 0.811561 0.048084 0.076422 10 0.7279 0.109529 0.545681 0.148408 0.203437 10 0.6476 0.064390 0.712921 0.128614 0.275945 2 0.5407 0.970208 0.750786 0.059340 0.179255 3 0.4476 0.431656 0.466360 0.047132 0.056744 5 0.3492 0.485680 0.375879 0.044740 0.055225 2 0.3118 0.432274 0.469422 0.046532 0.060224 1 0.2970 0.192112 0.779372 0.032208 0.073025 10 0.2339 0.030753 0.631249 0.061506 0.240763 0 0.2278 0.095479 0.759484 0.038547 0.097723 3 0.1935 0.456943 0.413750 0.044529 0.048120 10 0.1260 0.505569 0.325482 0.072256 0.093895 4 0.1049 0.474669 0.448525 0.056884 0.095799
CCTV01^20260318-110000-20260318-120000_000761,3 0.9277 0.218744 0.920727 0.073239 0.158545 3 0.9248 0.257845 0.728569 0.068808 0.111633 4 0.9234 0.384775 0.915066 0.113195 0.169867 3 0.9112 0.174036 0.799089 0.069146 0.128256 3 0.9112 0.272101 0.826048 0.074420 0.140879 3 0.9085 0.263099 0.641700 0.073283 0.093011 3 0.8985 0.261877 0.568063 0.056346 0.075835 11 0.8910 0.732796 0.694764 0.092882 0.250574 3 0.8852 0.325817 0.637722 0.065895 0.094211 10 0.8735 0.433354 0.391452 0.109221 0.130362 2 0.8732 0.764767 0.945301 0.063269 0.109398 3 0.8730 0.522220 0.870773 0.070528 0.198287 0 0.8673 0.352748 0.785622 0.049313 0.115156 10 0.8582 0.160356 0.579438 0.170900 0.225398 3 0.8572 0.412662 0.470503 0.057213 0.063725 3 0.8572 0.386119 0.533029 0.059088 0.070968 10 0.8522 0.889898 0.752622 0.220204 0.381868 3 0.8477 0.359744 0.477212 0.066633 0.062793 5 0.8333 0.477313 0.456773 0.050763 0.075330 10 0.7850 0.661222 0.508896 0.077293 0.210506 0 0.7802 0.800443 0.856468 0.033388 0.103247 0 0.7685 0.097007 0.759571 0.060300 0.111078 4 0.7440 0.317312 0.528318 0.049808 0.088427 3 0.6027 0.097868 0.936165 0.070652 0.127669 0 0.5578 0.662310 0.861132 0.044347 0.150589 3 0.5217 0.301209 0.503121 0.041608 0.066496 1 0.5143 0.218881 0.638151 0.030317 0.067465 10 0.5063 0.737365 0.534890 0.076667 0.195101 2 0.4826 0.267735 0.494803 0.035547 0.068839 12 0.4449 0.662973 0.854009 0.047428 0.171106 0 0.2928 0.176989 0.700022 0.046313 0.081683 2 0.2621 0.046638 0.751878 0.065808 0.109405 0 0.2620 0.320688 0.714516 0.039765 0.104290 7 0.2398 0.018072 0.846509 0.036144 0.122395 4 0.2197 0.017947 0.847270 0.035894 0.119884 7 0.1901 0.380769 0.917614 0.105985 0.164773 1 0.1887 0.599662 0.478488 0.018040 0.049620 9 0.1733 0.738425 0.539065 0.082423 0.213492 1 0.1524 0.339788 0.540761 0.022216 0.060936 8 0.1266 0.296553 0.937388 0.105311 0.125223 11 0.1238 0.295971 0.936848 0.104909 0.126304 5 0.1160 0.046680 0.751232 0.065904 0.107813
CCTV01^20260318-110000-20260318-120000_000765,3 0.9154 0.522920 0.870217 0.069726 0.193957 3 0.9105 0.309307 0.822109 0.094179 0.155418 3 0.9085 0.291100 0.698197 0.059366 0.116637 10 0.8917 0.716192 0.718067 0.127934 0.336065 10 0.8793 0.266606 0.459768 0.122557 0.153980 3 0.8468 0.337246 0.608524 0.067158 0.083383 5 0.8361 0.489552 0.440233 0.044571 0.074314 3 0.8192 0.231690 0.571838 0.068230 0.090946 10 0.8157 0.880278 0.824768 0.233778 0.350463 10 0.8138 0.120915 0.549196 0.148195 0.206790 3 0.8134 0.356727 0.525989 0.055175 0.070474 3 0.8109 0.224114 0.645775 0.068566 0.089474 3 0.7980 0.391361 0.552230 0.060709 0.067287 9 0.7940 0.049774 0.888913 0.099548 0.214474 10 0.7911 0.481059 0.359235 0.088436 0.116437 2 0.7793 0.058201 0.738492 0.100862 0.128521 10 0.7572 0.711286 0.499375 0.112333 0.209359 4 0.7090 0.297299 0.586306 0.068733 0.109578 3 0.7031 0.426705 0.454777 0.052099 0.052127 7 0.6899 0.297055 0.587191 0.066089 0.107856 3 0.6364 0.409303 0.496924 0.044748 0.054020 0 0.6270 0.225020 0.768962 0.057463 0.092521 3 0.4690 0.453521 0.484302 0.049541 0.043127 4 0.4491 0.236154 0.699551 0.058237 0.114862 1 0.4155 0.782562 0.617309 0.021087 0.067825 4 0.3939 0.283483 0.518969 0.061776 0.079594 2 0.3925 0.409398 0.497260 0.045608 0.054287 6 0.3890 0.834668 0.554952 0.079372 0.196174 1 0.3847 0.644179 0.580586 0.024168 0.062544 1 0.3364 0.370950 0.471759 0.024643 0.053851 3 0.3310 0.235535 0.694455 0.053566 0.106377 8 0.2588 0.773403 0.932448 0.129684 0.135104 2 0.2525 0.786628 0.577543 0.033002 0.082346 0 0.2482 0.159987 0.720176 0.033392 0.072652 3 0.2380 0.131316 0.955553 0.089194 0.088894 0 0.1777 0.282734 0.518119 0.060959 0.077968 7 0.1536 0.236479 0.698502 0.058636 0.117055 7 0.1494 0.048103 0.864886 0.096206 0.164040 4 0.1437 0.057595 0.743500 0.103629 0.143412 1 0.1353 0.649157 0.601396 0.017029 0.046643 1 0.1188 0.574522 0.505275 0.016361 0.055853 3 0.1021 0.353738 0.395531 0.032711 0.041730
CCTV01^20260318-110000-20260318-120000_000769,9 0.9393 0.204664 0.713049 0.114957 0.160360 3 0.9056 0.271945 0.900963 0.072820 0.146884 3 0.8988 0.523955 0.869408 0.070732 0.197817 2 0.8747 0.724181 0.939907 0.050527 0.114427 3 0.8729 0.293306 0.718386 0.078461 0.113272 10 0.8616 0.315923 0.413610 0.107438 0.129851 10 0.8325 0.137348 0.535030 0.163502 0.196156 1 0.8304 0.687314 0.678615 0.037783 0.102326 3 0.8273 0.093604 0.948957 0.068635 0.099054 3 0.8238 0.206493 0.870527 0.087086 0.147448 3 0.8118 0.360116 0.602518 0.070885 0.088052 3 0.8081 0.270255 0.609263 0.062673 0.083757 10 0.7954 0.782934 0.593869 0.156356 0.252565 3 0.7871 0.754791 0.737678 0.037519 0.123758 2 0.7438 0.718376 0.839522 0.049317 0.107696 2 0.7071 0.300513 0.617343 0.037946 0.084776 10 0.6913 0.877990 0.825239 0.242119 0.337526 0 0.6807 0.678082 0.849935 0.032886 0.125757 2 0.6800 0.670042 0.520184 0.030082 0.075537 10 0.6745 0.056994 0.786309 0.113987 0.299610 2 0.6601 0.687213 0.680943 0.040177 0.104371 3 0.5889 0.448315 0.484469 0.056720 0.050910 3 0.5262 0.403221 0.541291 0.044957 0.069362 1 0.5172 0.717003 0.835291 0.048442 0.102044 3 0.5151 0.316850 0.496455 0.035512 0.077007 3 0.4689 0.218655 0.537743 0.051777 0.090090 10 0.4394 0.649502 0.364938 0.050982 0.136934 4 0.4080 0.218535 0.537359 0.052132 0.090957 4 0.3734 0.315793 0.495134 0.036752 0.079502 1 0.3685 0.670010 0.520478 0.030629 0.073973 3 0.3501 0.674015 0.452741 0.030923 0.074986 11 0.3460 0.206369 0.711021 0.123546 0.158491 2 0.3018 0.389600 0.494834 0.055120 0.080873 3 0.2804 0.501614 0.423954 0.036382 0.053858 5 0.1640 0.390609 0.423083 0.042899 0.057799 7 0.1504 0.315795 0.495832 0.036732 0.078916 3 0.1345 0.435524 0.438945 0.047422 0.045394 0 0.1340 0.278483 0.533024 0.028547 0.069816 11 0.1281 0.372324 0.927472 0.256024 0.145057
CCTV01^20260318-110000-20260318-120000_000773,3 0.9130 0.522911 0.870409 0.069034 0.194924 10 0.8972 0.676545 0.460077 0.081352 0.187444 10 0.8892 0.781919 0.598084 0.154577 0.263692 3 0.8866 0.718225 0.748946 0.063889 0.145862 3 0.8862 0.285715 0.746478 0.055981 0.122257 10 0.8669 0.364216 0.389768 0.125768 0.126407 2 0.8419 0.779656 0.881672 0.048267 0.135537 10 0.8338 0.246093 0.569292 0.187138 0.221014 2 0.8235 0.246999 0.827073 0.053936 0.121531 11 0.8199 0.347518 0.556755 0.086492 0.111812 11 0.8192 0.181569 0.733050 0.087986 0.231790 1 0.8109 0.130304 0.867871 0.049006 0.099575 3 0.7918 0.058583 0.877899 0.117166 0.180181 9 0.7705 0.348108 0.551811 0.090122 0.119899 3 0.7176 0.490939 0.453711 0.043519 0.052915 3 0.6994 0.274562 0.642484 0.080256 0.099202 1 0.6937 0.248154 0.827404 0.051278 0.125514 2 0.6473 0.270986 0.647227 0.084043 0.103443 3 0.5846 0.333498 0.644218 0.069617 0.091650 10 0.5833 0.214567 0.488339 0.164167 0.177589 2 0.5585 0.333727 0.646858 0.067201 0.092263 9 0.5564 0.932142 0.683109 0.135410 0.336888 9 0.5286 0.248964 0.567563 0.182690 0.230402 1 0.5185 0.114082 0.699149 0.024535 0.068983 2 0.4971 0.491476 0.454775 0.045266 0.056469 1 0.4953 0.615271 0.461798 0.016038 0.049150 3 0.4839 0.525216 0.375897 0.036258 0.050174 3 0.4753 0.481181 0.406717 0.043438 0.042335 2 0.3926 0.418043 0.471321 0.054855 0.077627 1 0.2792 0.376865 0.790054 0.027502 0.071147 3 0.2750 0.240883 0.955861 0.072194 0.088279 3 0.2294 0.507704 0.420836 0.033021 0.045944 10 0.2229 0.056447 0.654998 0.112516 0.261611 3 0.2014 0.565509 0.466766 0.026712 0.070279 2 0.1827 0.508459 0.421958 0.036304 0.048017 3 0.1508 0.460206 0.490150 0.053608 0.038733 3 0.1493 0.761285 0.968638 0.073420 0.062725
CCTV01^20260318-110000-20260318-120000_000777,2 0.9376 0.261869 0.864054 0.068346 0.149297 2 0.9289 0.197605 0.712256 0.093249 0.131684 11 0.9133 0.396833 0.512105 0.070922 0.093742 2 0.9088 0.279996 0.743084 0.057974 0.112311 3 0.8861 0.686071 0.666330 0.062874 0.129140 2 0.8828 0.341980 0.626692 0.062479 0.087330 9 0.8559 0.185734 0.612037 0.149529 0.197378 2 0.8484 0.290390 0.582988 0.035945 0.075377 9 0.8475 0.423113 0.403595 0.101312 0.143406 3 0.8411 0.523000 0.870864 0.070926 0.194436 2 0.8397 0.730551 0.882587 0.055214 0.143774 10 0.7847 0.858555 0.684541 0.202081 0.334658 9 0.7776 0.051086 0.802734 0.102051 0.250386 1 0.7568 0.331096 0.521003 0.038415 0.059099 3 0.7538 0.634388 0.525793 0.042688 0.077588 9 0.7528 0.322572 0.420826 0.135525 0.136318 2 0.7480 0.497382 0.447254 0.041694 0.058796 9 0.7355 0.712847 0.559695 0.105457 0.253650 1 0.7315 0.050674 0.907624 0.061450 0.107105 9 0.7259 0.857846 0.684969 0.199306 0.330854 2 0.7159 0.477750 0.481767 0.046751 0.046360 10 0.7000 0.716047 0.561202 0.107286 0.256445 2 0.6791 0.343028 0.572085 0.070428 0.071179 2 0.6592 0.635428 0.525794 0.045844 0.077583 12 0.6243 0.101881 0.804444 0.059665 0.108877 0 0.6200 0.287050 0.665950 0.029143 0.077977 10 0.6053 0.322452 0.424017 0.132514 0.149887 1 0.5948 0.801124 0.949838 0.040525 0.093751 2 0.5934 0.629518 0.422749 0.033052 0.064610 12 0.5904 0.153210 0.784396 0.058394 0.104564 1 0.3783 0.045518 0.754487 0.029615 0.060447 0 0.3552 0.359323 0.941473 0.055949 0.104214 0 0.3165 0.154978 0.786385 0.056794 0.104972 0 0.2930 0.101866 0.804182 0.057932 0.105501 1 0.2119 0.286655 0.665214 0.028971 0.077328 1 0.1835 0.290160 0.584284 0.035210 0.080512 11 0.1833 0.049043 0.796246 0.098086 0.247521 11 0.1698 0.238911 0.493430 0.064420 0.135205 3 0.1624 0.496610 0.446082 0.043141 0.059070 10 0.1255 0.185699 0.611289 0.148077 0.197575
CCTV01^20260318-110000-20260318-120000_000781,9 0.9722 0.811602 0.761642 0.192806 0.394739 9 0.9591 0.434516 0.390064 0.093068 0.132972 9 0.9551 0.109616 0.738351 0.219233 0.283383 9 0.9548 0.321678 0.491305 0.111287 0.140855 9 0.9383 0.229367 0.586342 0.150945 0.185651 11 0.9251 0.455724 0.447603 0.054468 0.078611 1 0.9132 0.684078 0.812662 0.049255 0.129567 9 0.9096 0.149306 0.836337 0.179804 0.327327 12 0.9058 0.317764 0.729718 0.031760 0.097779 0 0.8974 0.239627 0.861436 0.027561 0.096600 2 0.8950 0.489127 0.467282 0.044635 0.050529 2 0.8876 0.343271 0.551219 0.067792 0.076723 2 0.8699 0.670051 0.583114 0.049838 0.089468 3 0.8677 0.803384 0.936614 0.095304 0.126772 2 0.8663 0.301203 0.688037 0.066904 0.116304 3 0.8556 0.724661 0.930480 0.067708 0.135117 2 0.8536 0.417021 0.499399 0.058316 0.058506 3 0.8457 0.522951 0.870908 0.071367 0.197257 4 0.8434 0.273605 0.785837 0.058643 0.161164 1 0.8077 0.335104 0.817276 0.053206 0.114659 3 0.7125 0.383533 0.895444 0.126034 0.202400 2 0.6747 0.724383 0.930470 0.069135 0.139059 0 0.6736 0.712408 0.760214 0.031334 0.113188 2 0.6131 0.267172 0.945651 0.069941 0.108699 1 0.4670 0.710950 0.760013 0.035272 0.113039 12 0.3631 0.692746 0.716237 0.024696 0.078877 2 0.2657 0.501046 0.435226 0.030956 0.049793 2 0.2634 0.524132 0.873003 0.073882 0.203337 0 0.2520 0.692497 0.716248 0.025317 0.078675 9 0.2295 0.335405 0.409309 0.137791 0.122883 2 0.1664 0.274542 0.788543 0.056227 0.161473 12 0.1645 0.332132 0.591417 0.046760 0.082783 4 0.1583 0.384409 0.894584 0.127639 0.198897 2 0.1516 0.565336 0.468160 0.031841 0.070556 2 0.1269 0.400960 0.559618 0.034581 0.064766 12 0.1159 0.277307 0.606770 0.047424 0.086027 5 0.1103 0.386509 0.895606 0.130730 0.208789
CCTV01^20260318-110000-20260318-120000_000785,9 0.9767 0.818398 0.775763 0.200278 0.412098 9 0.9660 0.261597 0.616000 0.178721 0.203159 9 0.9551 0.157275 0.828965 0.176497 0.342071 2 0.9370 0.269632 0.901516 0.061162 0.150862 2 0.9344 0.284493 0.701133 0.060757 0.142097 3 0.9335 0.345910 0.829956 0.099258 0.185819 2 0.9267 0.384482 0.515644 0.060628 0.077075 2 0.9159 0.690990 0.697206 0.057074 0.126679 2 0.9139 0.443532 0.465036 0.050493 0.059373 11 0.9127 0.475202 0.418493 0.044113 0.075043 11 0.9122 0.675023 0.545873 0.045613 0.110675 2 0.9049 0.494756 0.462205 0.043753 0.059145 9 0.8978 0.079924 0.760088 0.159847 0.286272 12 0.8796 0.332774 0.642336 0.028981 0.082220 9 0.8758 0.348527 0.470184 0.113576 0.116856 0 0.8604 0.260319 0.777353 0.024371 0.091756 2 0.7914 0.524268 0.871732 0.072662 0.194008 3 0.7338 0.522947 0.870315 0.071336 0.196936 12 0.6133 0.259821 0.777466 0.024801 0.094654 9 0.6129 0.466177 0.360511 0.081478 0.121137 2 0.5250 0.505935 0.430061 0.037724 0.046757 2 0.5048 0.506174 0.377019 0.034956 0.044579 2 0.4525 0.565846 0.467929 0.032609 0.073535 2 0.3661 0.513860 0.399395 0.033158 0.036871 1 0.3329 0.314555 0.742671 0.044938 0.076486 5 0.2163 0.383135 0.577499 0.060567 0.079320 12 0.1873 0.102428 0.786732 0.050988 0.100794 3 0.1413 0.384539 0.572485 0.060891 0.065748
CCTV01^20260318-110000-20260318-120000_000789,9 0.9775 0.819140 0.767967 0.204350 0.397860 9 0.9700 0.184232 0.778301 0.158823 0.351217 2 0.9655 0.275501 0.835366 0.061395 0.139248 9 0.9565 0.372380 0.503408 0.110952 0.150058 3 0.9551 0.312189 0.661709 0.058492 0.127476 9 0.9532 0.244170 0.576153 0.150644 0.182745 12 0.9418 0.350077 0.866695 0.038927 0.131111 11 0.9294 0.701958 0.692248 0.060833 0.160989 3 0.9252 0.656128 0.462550 0.039263 0.092787 2 0.9088 0.505912 0.435659 0.040390 0.057735 0 0.9057 0.315485 0.885081 0.029403 0.113251 2 0.8735 0.726342 0.845521 0.075640 0.158898 1 0.8624 0.320308 0.749369 0.046913 0.100664 2 0.8539 0.479587 0.479407 0.047820 0.055682 12 0.8442 0.320762 0.813063 0.034461 0.115719 0 0.8413 0.287967 0.899917 0.024080 0.097945 2 0.8367 0.688999 0.463079 0.035849 0.066000 11 0.8286 0.521224 0.357350 0.036623 0.067546 3 0.7366 0.523778 0.871877 0.070190 0.198275 2 0.7266 0.565520 0.467847 0.036605 0.076907 9 0.7018 0.059328 0.756279 0.118496 0.274146 2 0.6388 0.478260 0.423192 0.039918 0.056666 0 0.5943 0.389469 0.847761 0.035158 0.096845 9 0.5734 0.436412 0.400628 0.078430 0.107713 2 0.5342 0.440520 0.451629 0.045084 0.072695 2 0.5322 0.524054 0.872255 0.070904 0.194707 1 0.5026 0.352751 0.777505 0.021733 0.058466 4 0.2702 0.423675 0.941010 0.065812 0.101796 0 0.2376 0.352153 0.778295 0.019967 0.058973 3 0.1883 0.029147 0.972537 0.057911 0.054926 4 0.1578 0.380792 0.583275 0.068466 0.090584 2 0.1168 0.512997 0.402730 0.027064 0.036300 0 0.1125 0.424408 0.943355 0.068754 0.106145
CCTV01^20260318-110000-20260318-120000_000793,9 0.9728 0.821166 0.769364 0.196497 0.398707 9 0.9715 0.196855 0.747802 0.147745 0.331307 3 0.9536 0.691282 0.596754 0.059154 0.138050 2 0.9415 0.278563 0.813319 0.063206 0.134913 9 0.9348 0.234322 0.536903 0.146746 0.189591 9 0.9254 0.407313 0.463363 0.097753 0.139290 11 0.8997 0.720653 0.757540 0.069608 0.175956 2 0.8844 0.746377 0.918248 0.084655 0.160029 0 0.8788 0.297965 0.868565 0.028531 0.092222 12 0.8567 0.342705 0.922370 0.060690 0.142636 2 0.8430 0.505983 0.431319 0.033495 0.050009 2 0.7980 0.481333 0.464944 0.044632 0.065353 12 0.7951 0.396056 0.937858 0.044884 0.115428 12 0.7771 0.326694 0.741318 0.035972 0.112684 2 0.7755 0.565756 0.468359 0.035067 0.075510 0 0.7414 0.315755 0.819526 0.028632 0.107700 2 0.6972 0.524170 0.871855 0.071651 0.195013 3 0.6756 0.523527 0.870058 0.072220 0.197015 12 0.6525 0.372874 0.854709 0.051454 0.135459 12 0.6488 0.670594 0.708446 0.034136 0.116748 1 0.6179 0.297099 0.645605 0.034140 0.086779 2 0.6124 0.477330 0.408418 0.040158 0.054189 1 0.6108 0.332882 0.568814 0.033543 0.075890 2 0.6079 0.297877 0.646156 0.035104 0.088196 9 0.5364 0.356122 0.466589 0.094966 0.139960 2 0.5170 0.258394 0.947662 0.069367 0.104676 2 0.4541 0.516390 0.386728 0.032279 0.049256 9 0.2568 0.052485 0.818177 0.104969 0.298713 0 0.2358 0.324224 0.394914 0.023098 0.051108 12 0.1835 0.981116 0.669154 0.036353 0.084199 12 0.1585 0.300251 0.538562 0.026625 0.075099 2 0.1552 0.334546 0.569013 0.032925 0.080146 12 0.1410 0.342404 0.817885 0.032066 0.103302 0 0.1149 0.670319 0.707903 0.034859 0.114473
CCTV01^20260318-110000-20260318-120000_000797,9 0.9797 0.820362 0.767834 0.199989 0.398902 9 0.9763 0.228435 0.676770 0.144833 0.288673 3 0.9524 0.690680 0.595056 0.059174 0.141716 12 0.9304 0.658795 0.762676 0.037886 0.115597 11 0.9249 0.724489 0.770036 0.072361 0.173694 12 0.9129 0.387832 0.826049 0.039483 0.102663 2 0.9087 0.749891 0.924908 0.086249 0.148295 12 0.8881 0.324667 0.664982 0.028685 0.086464 9 0.8745 0.249718 0.533701 0.150771 0.180353 2 0.8534 0.398631 0.509741 0.057126 0.056690 2 0.8526 0.286777 0.760146 0.057194 0.125506 2 0.8368 0.524110 0.872536 0.071236 0.194846 12 0.8282 0.313213 0.884289 0.034561 0.108954 0 0.8247 0.324916 0.600209 0.021401 0.064729 2 0.7725 0.252655 0.933884 0.079324 0.132233 12 0.7368 0.366101 0.901479 0.040680 0.126939 12 0.7362 0.325539 0.952722 0.038223 0.094557 3 0.6505 0.523014 0.870758 0.070544 0.194781 3 0.6402 0.462449 0.471143 0.049471 0.068828 7 0.6046 0.116197 0.714309 0.118014 0.175934 3 0.5886 0.397781 0.559279 0.048969 0.067611 9 0.4458 0.376075 0.407599 0.103638 0.125952 11 0.4194 0.110000 0.724132 0.113610 0.150530 0 0.3740 0.330156 0.568790 0.019906 0.064861 2 0.3658 0.378590 0.462821 0.026777 0.055697 2 0.2497 0.725818 0.595312 0.038141 0.091640 2 0.1762 0.565793 0.467695 0.033970 0.074015 12 0.1721 0.632607 0.786591 0.022544 0.069605 9 0.1716 0.110872 0.724086 0.112523 0.153411 9 0.1636 0.776685 0.476530 0.111252 0.149554 4 0.1612 0.460047 0.470939 0.056213 0.073736 5 0.1160 0.498430 0.426395 0.040488 0.064211
CCTV01^20260318-110000-20260318-120000_000801,9 0.9776 0.820724 0.766735 0.200900 0.401877 9 0.9747 0.427007 0.411842 0.113804 0.140703 3 0.9676 0.691187 0.595280 0.060443 0.134295 9 0.9643 0.268604 0.611106 0.143881 0.243015 2 0.9466 0.275712 0.835418 0.084739 0.165977 9 0.9466 0.175615 0.816056 0.171908 0.367888 12 0.9391 0.656320 0.752052 0.032218 0.092348 12 0.9377 0.328075 0.940699 0.045363 0.099394 12 0.9327 0.336915 0.825795 0.035936 0.099344 12 0.9293 0.332957 0.754111 0.032592 0.111034 11 0.9267 0.724650 0.768428 0.071883 0.173574 9 0.9247 0.083888 0.795128 0.167776 0.377892 2 0.9167 0.749228 0.925571 0.085318 0.148857 2 0.8432 0.524183 0.871453 0.070884 0.192599 2 0.8380 0.498936 0.436760 0.038202 0.053969 7 0.6598 0.342718 0.486544 0.069933 0.067228 2 0.6568 0.510031 0.402626 0.029780 0.044440 12 0.5657 0.623620 0.797563 0.021009 0.061824 12 0.5630 0.321651 0.700863 0.028952 0.096798 3 0.5152 0.523322 0.869667 0.070825 0.193782 12 0.5021 0.301558 0.678356 0.033278 0.102093 2 0.4283 0.516972 0.378084 0.034831 0.039210 0 0.4157 0.622971 0.798448 0.022383 0.067950 3 0.3686 0.342449 0.489822 0.069271 0.077973 12 0.3475 0.382128 0.516687 0.027393 0.060994 3 0.2188 0.274537 0.839421 0.083560 0.167957 2 0.2035 0.565464 0.477039 0.028971 0.064053 1 0.1005 0.629310 0.358423 0.015515 0.042666
CCTV01^20260318-110000-20260318-120000_000805,9 0.9758 0.819837 0.766434 0.198277 0.402993 9 0.9645 0.314806 0.549285 0.141078 0.199370 9 0.9635 0.219973 0.738441 0.176545 0.344220 3 0.9579 0.691695 0.598389 0.058037 0.139057 9 0.9412 0.162527 0.654759 0.202868 0.292097 2 0.9327 0.749220 0.925194 0.085582 0.149016 11 0.9299 0.724700 0.770137 0.072395 0.171545 12 0.8941 0.660917 0.904710 0.036767 0.129275 2 0.8819 0.652546 0.536305 0.044602 0.077420 2 0.8757 0.523701 0.871162 0.071168 0.195018 1 0.8466 0.209395 0.923735 0.054781 0.132096 0 0.8027 0.675213 0.689604 0.025697 0.092163 2 0.7180 0.743738 0.454622 0.042917 0.080065 0 0.7010 0.672744 0.752810 0.024836 0.078065 3 0.5677 0.524056 0.870924 0.070963 0.197168 2 0.5643 0.664742 0.472424 0.039145 0.071357 12 0.5427 0.319708 0.923834 0.070696 0.144547 1 0.5391 0.672071 0.826089 0.033952 0.080375 2 0.5231 0.564697 0.466707 0.030951 0.072812 7 0.4796 0.494773 0.415627 0.060376 0.072168 9 0.4460 0.501321 0.354019 0.084475 0.112533 12 0.4009 0.365662 0.581644 0.035924 0.075396 9 0.3951 0.267823 0.499059 0.152006 0.196374 0 0.3517 0.661068 0.906120 0.040983 0.133667 2 0.3142 0.463011 0.474248 0.056019 0.067724 0 0.2927 0.648437 0.597861 0.021062 0.062651 3 0.2678 0.692269 0.520434 0.058192 0.093407 12 0.2534 0.314826 0.697946 0.049741 0.122100 2 0.2179 0.045316 0.788386 0.055503 0.113247 3 0.2155 0.495123 0.416277 0.058014 0.079408 0 0.2106 0.260164 0.882960 0.045762 0.105014 12 0.2001 0.403048 0.538047 0.024559 0.066566 0 0.1922 0.671921 0.826774 0.034349 0.078661
CCTV01^20260318-110000-20260318-120000_000809,9 0.9768 0.819905 0.766668 0.199544 0.402425 3 0.9561 0.691682 0.597276 0.056229 0.138880 11 0.9351 0.724302 0.770801 0.071957 0.176516 0 0.9268 0.654179 0.927661 0.031781 0.121404 2 0.9051 0.750446 0.925065 0.085240 0.148901 2 0.9011 0.523306 0.870964 0.072226 0.193856 2 0.8785 0.656038 0.548058 0.043462 0.080873 1 0.8746 0.314847 0.771873 0.046906 0.111613 2 0.8738 0.618369 0.507819 0.058861 0.092465 2 0.8681 0.734246 0.519162 0.035585 0.097545 9 0.8517 0.168193 0.797546 0.189982 0.363510 0 0.7448 0.692649 0.880862 0.030537 0.115720 3 0.7191 0.690322 0.523360 0.058666 0.094176 1 0.6758 0.217289 0.892069 0.050988 0.128372 2 0.6373 0.216901 0.887278 0.046561 0.121147 12 0.6213 0.265621 0.878336 0.052671 0.144987 10 0.5499 0.233619 0.537611 0.135407 0.191250 9 0.4692 0.234359 0.539964 0.137240 0.192822 10 0.4665 0.164981 0.797300 0.195193 0.364869 5 0.4436 0.523531 0.872759 0.071404 0.193583 2 0.3667 0.668880 0.485928 0.035400 0.059395 7 0.3624 0.783092 0.481253 0.039026 0.081319 2 0.3596 0.088948 0.732543 0.055302 0.099897 1 0.3351 0.026511 0.929831 0.037596 0.088915 2 0.3298 0.969146 0.777186 0.061708 0.153156 2 0.2530 0.726081 0.595516 0.034085 0.083054 2 0.1921 0.098414 0.764155 0.048361 0.084866 0 0.1889 0.281551 0.696655 0.034965 0.095360 3 0.1850 0.783267 0.481571 0.039310 0.079467 0 0.1762 0.234122 0.944157 0.058888 0.111687 10 0.1609 0.030068 0.767057 0.059506 0.287372 2 0.1603 0.564691 0.466759 0.026889 0.071758 1 0.1151 0.596571 0.422881 0.020080 0.049127 12 0.1092 0.653800 0.931763 0.032975 0.128835
CCTV01^20260318-110000-20260318-120000_000954,7 0.9075 0.328146 0.801862 0.057233 0.135223 3 0.8858 0.290449 0.753735 0.064843 0.104424 11 0.8701 0.702767 0.652709 0.066041 0.196978 3 0.8659 0.436914 0.477115 0.054502 0.050134 3 0.8191 0.695621 0.831634 0.053456 0.155695 3 0.8154 0.206166 0.827423 0.076979 0.134862 3 0.8048 0.826603 0.644598 0.043120 0.101921 3 0.7897 0.134367 0.946914 0.083730 0.100332 0 0.7877 0.315234 0.627733 0.031775 0.077180 11 0.7862 0.770865 0.750870 0.074792 0.236581 3 0.7765 0.243253 0.919666 0.073796 0.146297 3 0.7754 0.657516 0.596956 0.033969 0.086793 0 0.7655 0.346777 0.570561 0.026342 0.056118 0 0.7517 0.986641 0.743590 0.026718 0.087834 3 0.7473 0.565716 0.466493 0.024660 0.071586 2 0.6845 0.487758 0.433084 0.026959 0.052983 2 0.5815 0.250091 0.637012 0.034811 0.078869 3 0.5677 0.506670 0.392478 0.033159 0.051591 4 0.5603 0.166850 0.753076 0.079085 0.146869 3 0.5595 0.740458 0.919052 0.071911 0.153114 5 0.5369 0.166481 0.752490 0.076624 0.147131 0 0.4685 0.380966 0.537619 0.023701 0.059023 10 0.4671 0.830894 0.882803 0.104087 0.234395 0 0.3599 0.274328 0.647938 0.028033 0.057472 11 0.3540 0.770519 0.525600 0.080697 0.134012 3 0.3416 0.704956 0.441284 0.036675 0.071338 3 0.2898 0.941007 0.644016 0.084722 0.099563 12 0.2803 0.909251 0.740302 0.111628 0.215627 0 0.2565 0.317213 0.474637 0.023692 0.055694 0 0.2508 0.200238 0.652192 0.025631 0.065793 0 0.2465 0.396920 0.414813 0.019707 0.049848 12 0.2383 0.278306 0.567155 0.081047 0.105203 0 0.2374 0.227780 0.680095 0.025340 0.069050 6 0.2303 0.167055 0.754124 0.078799 0.150641 6 0.2297 0.831978 0.885843 0.104573 0.221376 1 0.2252 0.840657 0.568456 0.020558 0.067131 0 0.2151 0.214061 0.614292 0.027688 0.067984 3 0.2122 0.351713 0.957607 0.102320 0.084663 11 0.1864 0.662003 0.469324 0.074551 0.170345 0 0.1862 0.249631 0.697572 0.029508 0.061865 3 0.1838 0.169236 0.649177 0.045968 0.070339 10 0.1753 0.481468 0.357346 0.085547 0.110042 10 0.1580 0.223083 0.515733 0.150821 0.181436 0 0.1267 0.376674 0.407204 0.018985 0.050020 2 0.1256 0.288860 0.609079 0.041374 0.058524 2 0.1121 0.317924 0.474432 0.025706 0.058145 12 0.1037 0.061022 0.664352 0.065175 0.124452
CCTV01^20260318-110000-20260318-120000_000966,11 0.8893 0.708586 0.663527 0.065552 0.199124 1 0.8846 0.672213 0.950476 0.034270 0.091808 3 0.8820 0.698270 0.838773 0.050562 0.138558 11 0.7990 0.776921 0.786256 0.070566 0.257577 3 0.7913 0.624746 0.422596 0.026150 0.056048 2 0.7840 0.190333 0.739310 0.039864 0.096962 11 0.7568 0.801339 0.575970 0.055097 0.137144 3 0.7113 0.648240 0.605348 0.055455 0.103929 3 0.5393 0.208940 0.969768 0.078465 0.058508 10 0.4360 0.316554 0.542635 0.155407 0.200460 2 0.4267 0.342604 0.607385 0.049434 0.086326 3 0.4182 0.264216 0.836895 0.069388 0.125381 3 0.3820 0.738820 0.559142 0.037894 0.054088 3 0.3812 0.716787 0.430421 0.038623 0.073477 3 0.3725 0.478049 0.455864 0.042474 0.065662 3 0.3482 0.204884 0.671435 0.074166 0.088433 10 0.3422 0.809091 0.453419 0.049046 0.140828 4 0.3241 0.763665 0.412190 0.022665 0.048085 3 0.3231 0.303958 0.687907 0.060923 0.097974 2 0.3207 0.868171 0.757380 0.054344 0.095289 3 0.3075 0.735718 0.925502 0.075211 0.141864 3 0.2986 0.098402 0.851192 0.096777 0.134862 1 0.2930 0.890584 0.711920 0.027060 0.075355 1 0.2911 0.855934 0.693851 0.024337 0.065571 11 0.2711 0.677951 0.491102 0.080733 0.171550 4 0.2534 0.838521 0.930636 0.060122 0.123095 1 0.1790 0.156387 0.758289 0.024925 0.059826 3 0.1468 0.841282 0.931755 0.061482 0.128112 1 0.1419 0.761027 0.544768 0.018793 0.054309 5 0.1404 0.511586 0.395094 0.033177 0.060555 11 0.1314 0.101781 0.720340 0.123297 0.174184 1 0.1111 0.867565 0.767944 0.057163 0.120048 11 0.1076 0.954884 0.850547 0.090191 0.298907
CCTV01^20260318-110000-20260318-120000_000970,3 0.8987 0.699567 0.851873 0.050239 0.140702 1 0.8808 0.673672 0.950064 0.035738 0.090475 3 0.8735 0.256705 0.818381 0.075656 0.133114 11 0.8602 0.781886 0.800125 0.081704 0.270352 11 0.8420 0.710693 0.674042 0.066758 0.195805 10 0.8161 0.820251 0.516779 0.059189 0.175229 3 0.8105 0.320410 0.656967 0.066713 0.110592 1 0.7938 0.845093 0.791212 0.028931 0.084195 3 0.7762 0.738432 0.936363 0.065553 0.124842 3 0.7513 0.899651 0.883476 0.092679 0.154554 3 0.7359 0.780075 0.648905 0.049023 0.082520 1 0.7281 0.601623 0.457727 0.019403 0.051685 3 0.7110 0.495835 0.447625 0.038014 0.054917 3 0.7109 0.271231 0.634711 0.039582 0.082634 6 0.7049 0.343947 0.456822 0.157058 0.164113 10 0.6971 0.031396 0.763527 0.061333 0.322171 3 0.6472 0.725100 0.474818 0.036735 0.057339 3 0.6342 0.652980 0.615305 0.053089 0.112752 2 0.5879 0.901182 0.785629 0.061864 0.076763 2 0.5484 0.517254 0.408875 0.020117 0.047007 4 0.4863 0.762334 0.473467 0.024157 0.062681 10 0.4653 0.158552 0.727577 0.175437 0.335713 4 0.4401 0.272590 0.542291 0.099928 0.121840 3 0.4317 0.826698 0.651675 0.053763 0.101087 2 0.3625 0.878481 0.669767 0.032643 0.092277 11 0.3592 0.677557 0.492890 0.078485 0.167572 11 0.3165 0.943410 0.672526 0.100099 0.169676 3 0.3151 0.116698 0.961830 0.089265 0.071826 3 0.2962 0.625914 0.420420 0.030159 0.053250 3 0.2238 0.866477 0.965976 0.064891 0.068048 11 0.2064 0.773626 0.553068 0.048774 0.118127 3 0.1768 0.428589 0.472654 0.045778 0.053029 3 0.1710 0.773860 0.553325 0.050799 0.117538 9 0.1618 0.971518 0.892146 0.056965 0.215708 0 0.1570 0.885607 0.584494 0.019680 0.061082 9 0.1505 0.156853 0.724253 0.174098 0.328085 4 0.1477 0.971428 0.892107 0.057144 0.215786 3 0.1132 0.460226 0.473356 0.047744 0.051965
CCTV01^20260318-110000-20260318-120000_000974,3 0.8914 0.699706 0.850912 0.050230 0.141062 3 0.8717 0.626455 0.422747 0.031129 0.053838 3 0.8701 0.381510 0.577039 0.061515 0.077561 1 0.8694 0.671888 0.952235 0.035947 0.087704 11 0.8631 0.779326 0.801721 0.075882 0.268714 11 0.8570 0.710591 0.681473 0.068450 0.202089 4 0.8468 0.872213 0.917650 0.069312 0.161706 3 0.8430 0.247293 0.898266 0.082384 0.146626 3 0.8083 0.660258 0.620140 0.038507 0.095033 3 0.8052 0.737032 0.937853 0.065166 0.123373 3 0.7917 0.299515 0.689668 0.075039 0.104102 3 0.7669 0.743170 0.558754 0.040272 0.086299 10 0.7350 0.269216 0.582242 0.169003 0.232362 5 0.7156 0.144373 0.705859 0.084112 0.119955 5 0.6880 0.500120 0.401430 0.037996 0.060520 0 0.6762 0.988150 0.808719 0.023700 0.093721 3 0.6747 0.227340 0.806837 0.087454 0.117128 3 0.6303 0.321685 0.441759 0.047086 0.050160 1 0.6159 0.955437 0.802605 0.033183 0.076083 10 0.5761 0.031928 0.637332 0.063355 0.237873 6 0.5570 0.266311 0.586028 0.167617 0.228903 3 0.5268 0.975210 0.692525 0.049581 0.108739 3 0.5055 0.133156 0.856759 0.084553 0.139268 1 0.4498 0.625830 0.570974 0.028360 0.072682 4 0.4336 0.959156 0.918738 0.081688 0.162523 3 0.4080 0.501940 0.398485 0.034240 0.058548 1 0.3980 0.646204 0.559197 0.023674 0.073242 9 0.3088 0.462060 0.428245 0.057957 0.077040 4 0.2891 0.793281 0.661815 0.069985 0.115566 10 0.2783 0.822025 0.477770 0.067481 0.186638 2 0.2766 0.952383 0.605759 0.037882 0.074044 4 0.2708 0.782302 0.554401 0.039121 0.073152 3 0.2486 0.848389 0.799045 0.068417 0.141532 5 0.2322 0.959425 0.918633 0.081151 0.162734 0 0.1943 0.006096 0.837332 0.012192 0.087067 3 0.1534 0.142887 0.705782 0.084232 0.119266 10 0.1492 0.886522 0.650604 0.116284 0.251497 4 0.1427 0.462041 0.428809 0.055971 0.076437 3 0.1411 0.798340 0.617642 0.047668 0.070856 0 0.1382 0.050915 0.813545 0.058828 0.118410 6 0.1325 0.885868 0.646853 0.115986 0.245072 3 0.1127 0.175200 0.968864 0.088833 0.062272 3 0.1005 0.362029 0.388698 0.036495 0.045093
CCTV01^20260318-110000-20260318-120000_000978,3 0.8921 0.700547 0.854422 0.048625 0.144888 1 0.8816 0.673245 0.950080 0.034871 0.091514 11 0.8804 0.781735 0.804808 0.079160 0.270210 3 0.8690 0.631263 0.437162 0.032203 0.057978 11 0.8545 0.710456 0.680302 0.068975 0.200656 4 0.8452 0.871747 0.918397 0.067589 0.163206 3 0.8304 0.282987 0.735784 0.066317 0.116101 3 0.8197 0.061677 0.907875 0.105023 0.162198 3 0.8083 0.659728 0.620103 0.039784 0.094668 2 0.8057 0.220502 0.588915 0.038534 0.082916 3 0.7876 0.737307 0.937381 0.063067 0.122846 3 0.7450 0.468291 0.472822 0.044822 0.056444 0 0.7426 0.110982 0.725303 0.050580 0.094242 3 0.7356 0.167027 0.726375 0.079399 0.118065 4 0.6824 0.830144 0.720764 0.039912 0.101198 10 0.6798 0.053668 0.592749 0.107336 0.232064 3 0.6349 0.400305 0.525088 0.057922 0.068492 3 0.6016 0.495639 0.434137 0.036651 0.052037 3 0.5502 0.876440 0.817043 0.083313 0.088984 5 0.5444 0.239953 0.858184 0.083818 0.172131 4 0.4614 0.669936 0.428306 0.039425 0.063577 1 0.4613 0.625913 0.569518 0.030464 0.072892 9 0.4499 0.142055 0.902875 0.105634 0.163621 3 0.4432 0.299918 0.488524 0.041466 0.062771 3 0.4327 0.344032 0.602864 0.066881 0.096715 1 0.4302 0.645045 0.560085 0.034440 0.091501 3 0.4280 0.365024 0.476132 0.037358 0.053849 2 0.4115 0.987606 0.701062 0.024295 0.093500 5 0.4061 0.343875 0.603452 0.066112 0.099640 0 0.3963 0.231295 0.501788 0.031156 0.064692 3 0.3652 0.205063 0.747554 0.083238 0.134698 1 0.3283 0.276621 0.525998 0.030985 0.055837 5 0.2527 0.317898 0.575542 0.072070 0.098809 0 0.2510 0.256377 0.509537 0.032154 0.067700 1 0.2501 0.256248 0.510167 0.032336 0.069126 3 0.2160 0.669654 0.428732 0.038897 0.063020 3 0.2143 0.910181 0.890718 0.022932 0.051254 1 0.1997 0.670409 0.894859 0.034736 0.074973 4 0.1701 0.142448 0.895849 0.103975 0.159992 11 0.1687 0.142384 0.901380 0.112123 0.166738 5 0.1650 0.204668 0.747646 0.085002 0.136506 10 0.1330 0.912444 0.676101 0.148392 0.327014 10 0.1081 0.430103 0.424337 0.105207 0.144676 9 0.1079 0.317608 0.576054 0.071017 0.099741 3 0.1079 0.319433 0.575588 0.073217 0.099243
CCTV01^20260318-110000-20260318-120000_000982,1 0.8929 0.675101 0.950763 0.035304 0.093023 3 0.8907 0.700169 0.853648 0.048350 0.144901 11 0.8586 0.778911 0.804203 0.075338 0.268851 11 0.8522 0.710582 0.679258 0.068289 0.200902 10 0.8495 0.948664 0.809789 0.101953 0.373422 4 0.8487 0.843111 0.839690 0.054714 0.127204 3 0.8233 0.625444 0.510276 0.036512 0.068426 3 0.8221 0.659084 0.618020 0.039883 0.091451 4 0.8189 0.871115 0.916773 0.067190 0.162870 3 0.8157 0.661313 0.498014 0.039041 0.059267 3 0.8041 0.736529 0.937871 0.065044 0.122559 3 0.7651 0.084317 0.945723 0.092037 0.108555 3 0.7519 0.374158 0.512510 0.052621 0.073725 3 0.7389 0.239732 0.930590 0.075667 0.133461 2 0.7243 0.160269 0.686294 0.046628 0.091872 3 0.6851 0.172997 0.906163 0.082826 0.150616 3 0.6619 0.624204 0.431569 0.029093 0.063846 3 0.6391 0.299515 0.496262 0.053393 0.071321 3 0.6268 0.425488 0.419279 0.041475 0.045446 2 0.5472 0.658259 0.548436 0.030219 0.073685 3 0.5015 0.480646 0.452367 0.040244 0.044506 10 0.4855 0.058227 0.580053 0.116454 0.214514 3 0.4401 0.428676 0.481739 0.046791 0.037447 3 0.4244 0.503814 0.420453 0.032452 0.052478 3 0.4068 0.470475 0.481523 0.044306 0.033136 1 0.4003 0.221982 0.668040 0.026314 0.069167 3 0.3942 0.153229 0.782925 0.083904 0.119842 3 0.3907 0.376735 0.585070 0.063777 0.054264 1 0.3772 0.642569 0.564279 0.019472 0.061609 1 0.3742 0.624901 0.571701 0.021273 0.055243 1 0.2068 0.666319 0.889355 0.030658 0.085897 1 0.1679 0.649695 0.553360 0.024784 0.080080 3 0.1495 0.704507 0.496201 0.031315 0.044521 1 0.1306 0.218776 0.630439 0.023085 0.066004 3 0.1128 0.365507 0.404198 0.031566 0.042541 1 0.1090 0.628166 0.574786 0.036968 0.094578
CCTV01^20260318-110000-20260318-120000_000986,11 0.8987 0.782598 0.829253 0.078648 0.276849 3 0.8896 0.703229 0.869182 0.052318 0.147176 3 0.8516 0.641084 0.459910 0.038726 0.057659 3 0.8454 0.665365 0.508195 0.043941 0.064042 10 0.8417 0.949405 0.809383 0.100402 0.374487 1 0.8300 0.677852 0.964444 0.036345 0.068364 3 0.7844 0.463876 0.455574 0.040531 0.063613 3 0.7687 0.463478 0.400625 0.036812 0.043643 4 0.7650 0.871193 0.916600 0.066949 0.161742 3 0.7553 0.505170 0.438039 0.035845 0.050077 3 0.7437 0.628734 0.513526 0.037616 0.067337 3 0.7065 0.662047 0.623060 0.048536 0.106612 11 0.6767 0.721348 0.691417 0.075404 0.202325 5 0.6079 0.242517 0.931118 0.089657 0.137764 3 0.6025 0.403976 0.484112 0.053378 0.068907 3 0.5827 0.097693 0.859399 0.096550 0.128299 1 0.5493 0.623141 0.565174 0.025447 0.073894 3 0.5130 0.266923 0.585272 0.052546 0.076137 3 0.4717 0.735739 0.949704 0.065458 0.092442 4 0.4422 0.846373 0.842988 0.048606 0.124221 10 0.4349 0.038094 0.848922 0.075898 0.302156 10 0.3473 0.130571 0.646815 0.204253 0.283203 9 0.3216 0.193799 0.834592 0.077875 0.169530 2 0.3190 0.662758 0.554265 0.028697 0.062296 3 0.3174 0.335315 0.520465 0.062202 0.076596 4 0.2324 0.243406 0.931038 0.087953 0.137923 7 0.1817 0.193150 0.858355 0.083736 0.123525 3 0.1794 0.500951 0.357729 0.035612 0.044585 3 0.1655 0.211239 0.690616 0.073375 0.095174 3 0.1562 0.358422 0.551311 0.056955 0.071185 3 0.1443 0.253292 0.709881 0.078415 0.101129 3 0.1442 0.685004 0.457523 0.034674 0.069900 3 0.1292 0.267722 0.812985 0.066057 0.129648
CCTV01^20260318-110000-20260318-120000_000990,3 0.9132 0.704789 0.885625 0.053114 0.147245 11 0.8896 0.783373 0.832344 0.078952 0.275849 1 0.8651 0.071042 0.909494 0.060729 0.094621 2 0.8538 0.213492 0.915909 0.053574 0.130670 3 0.8529 0.641825 0.464412 0.038860 0.060043 2 0.8498 0.268788 0.909731 0.048481 0.124304 10 0.8424 0.949907 0.812461 0.098699 0.365301 1 0.7451 0.677212 0.964842 0.034430 0.070274 3 0.7450 0.412248 0.424827 0.047516 0.043088 1 0.7213 0.657194 0.861440 0.033545 0.112682 3 0.6969 0.667070 0.511863 0.039633 0.062359 4 0.6775 0.871479 0.917051 0.064826 0.160830 3 0.6559 0.480394 0.457283 0.043325 0.066056 3 0.6019 0.403035 0.503082 0.051124 0.057662 11 0.5969 0.723959 0.692400 0.080377 0.202920 5 0.5943 0.333853 0.644377 0.067030 0.114107 3 0.5911 0.129768 0.953661 0.094080 0.092678 3 0.5766 0.660611 0.617815 0.049627 0.093796 3 0.5348 0.633812 0.527763 0.038914 0.072473 3 0.4382 0.391960 0.461198 0.040200 0.040913 10 0.3889 0.154116 0.647388 0.197988 0.273190 3 0.2657 0.139597 0.840647 0.086593 0.133125 3 0.2348 0.354901 0.503487 0.064586 0.065040 1 0.2137 0.660058 0.786019 0.025548 0.060059 3 0.1857 0.737197 0.951051 0.062194 0.092427 3 0.1547 0.269759 0.691959 0.065964 0.090226 3 0.1244 0.430438 0.453903 0.040049 0.042582 10 0.1241 0.021832 0.732075 0.043664 0.278792
CCTV01^20260318-110000-20260318-120000_000994,3 0.9046 0.705149 0.887526 0.050944 0.148964 11 0.8844 0.783900 0.837526 0.076182 0.282027 10 0.8642 0.952201 0.824777 0.092357 0.337993 1 0.8527 0.648825 0.862116 0.030743 0.087408 1 0.8518 0.212606 0.824710 0.048805 0.079839 2 0.8177 0.300859 0.690534 0.034154 0.093241 1 0.7538 0.676585 0.965458 0.034530 0.068536 5 0.7362 0.112524 0.848290 0.114041 0.175909 1 0.6962 0.180159 0.697812 0.025789 0.069536 2 0.6552 0.247697 0.697041 0.046917 0.093293 2 0.5857 0.269284 0.751871 0.042064 0.076094 3 0.5698 0.485366 0.480229 0.038943 0.049136 3 0.5589 0.382176 0.546252 0.055118 0.061336 3 0.4918 0.155135 0.923586 0.095329 0.147850 3 0.4844 0.269018 0.845816 0.077396 0.128012 1 0.4002 0.014333 0.956539 0.028579 0.086921 1 0.3912 0.578935 0.482382 0.012801 0.047205 1 0.3882 0.671939 0.758394 0.030627 0.094698 3 0.3817 0.233132 0.662644 0.069057 0.090507 1 0.3777 0.329734 0.734351 0.023425 0.066248 11 0.3617 0.724847 0.698227 0.073170 0.199480 4 0.3531 0.870761 0.916138 0.064989 0.161945 1 0.3513 0.658380 0.795003 0.023590 0.061319 3 0.3466 0.644630 0.470338 0.038849 0.065438 1 0.2554 0.673407 0.785833 0.021357 0.056005 3 0.2542 0.422867 0.467775 0.072026 0.062001 3 0.2043 0.346544 0.629309 0.051271 0.076663 0 0.1403 0.014345 0.955886 0.028591 0.085785
CCTV01^20260318-110000-20260318-120000_000998,3 0.9143 0.704952 0.888864 0.051037 0.147875 5 0.9108 0.220072 0.931887 0.099646 0.136226 11 0.8810 0.783458 0.838028 0.077259 0.282631 10 0.8671 0.951871 0.824776 0.092594 0.336041 3 0.8585 0.101975 0.816764 0.118614 0.131785 1 0.8572 0.649147 0.861532 0.031810 0.090252 2 0.8195 0.258582 0.646571 0.045689 0.094374 3 0.7684 0.279761 0.814847 0.067107 0.131870 5 0.7530 0.355210 0.563325 0.076052 0.096620 1 0.7353 0.676001 0.965631 0.033865 0.068739 3 0.6740 0.298324 0.695622 0.076699 0.094715 1 0.6611 0.698310 0.780236 0.027491 0.079791 1 0.6590 0.657552 0.794671 0.024438 0.059324 0 0.6328 0.081438 0.733167 0.035047 0.089606 3 0.5870 0.195008 0.826654 0.084156 0.131137 10 0.5759 0.030781 0.727963 0.060882 0.286352 1 0.5668 0.671333 0.759553 0.022949 0.078304 2 0.5257 0.184566 0.697770 0.046314 0.093374 1 0.4260 0.296972 0.559011 0.021718 0.062207 4 0.3557 0.870777 0.916276 0.065561 0.162562 11 0.3252 0.724082 0.699007 0.074954 0.200914 3 0.1256 0.611776 0.406915 0.026972 0.054364
CCTV01^20260318-110000-20260318-120000_001002,3 0.9109 0.705411 0.888278 0.054148 0.146872 11 0.8924 0.783499 0.838400 0.076967 0.281806 10 0.8673 0.951929 0.825962 0.092820 0.338196 1 0.8630 0.650173 0.860255 0.031847 0.092477 1 0.7205 0.142744 0.902166 0.041672 0.083899 2 0.7073 0.170063 0.794667 0.050462 0.110848 3 0.6818 0.245285 0.893416 0.080195 0.143287 1 0.6626 0.676470 0.965517 0.035301 0.068870 1 0.6367 0.698708 0.782199 0.028798 0.080123 1 0.6258 0.318999 0.560234 0.028649 0.068419 1 0.5774 0.205187 0.712826 0.028261 0.080351 10 0.5453 0.091479 0.804990 0.182957 0.381301 10 0.4648 0.033657 0.737180 0.066733 0.289868 1 0.4498 0.671167 0.759392 0.030027 0.091316 11 0.4482 0.726806 0.699001 0.077418 0.201520 1 0.4308 0.657787 0.797287 0.024226 0.058613 5 0.2538 0.286093 0.750249 0.065947 0.141013 3 0.2074 0.331526 0.649264 0.060778 0.090480 2 0.1314 0.991138 0.712013 0.017725 0.084557 1 0.1308 0.182502 0.971452 0.034995 0.056579 3 0.1084 0.371684 0.559108 0.060773 0.068902
CCTV01^20260318-110000-20260318-120000_001122,3 0.9131 0.698534 0.837776 0.058292 0.146251 3 0.9008 0.854756 0.799483 0.074948 0.130631 3 0.8868 0.754085 0.703897 0.058210 0.108292 10 0.8858 0.663653 0.498375 0.093989 0.199854 3 0.8833 0.280770 0.944577 0.065928 0.106993 3 0.8609 0.924400 0.737526 0.091512 0.145476 5 0.8215 0.338991 0.827667 0.072219 0.166203 3 0.8154 0.303565 0.693270 0.063303 0.113604 11 0.7999 0.883047 0.923146 0.082073 0.153708 2 0.7965 0.041736 0.852367 0.057502 0.118435 5 0.7963 0.698020 0.703971 0.054048 0.123305 10 0.7963 0.327323 0.519231 0.149096 0.203306 3 0.7870 0.791138 0.804198 0.065252 0.126124 3 0.7665 0.369865 0.587855 0.065891 0.076383 5 0.7173 0.252761 0.813598 0.075516 0.161319 2 0.6921 0.423085 0.489428 0.027271 0.057556 2 0.6866 0.474434 0.427314 0.024602 0.052484 3 0.6538 0.675673 0.634099 0.048567 0.095495 10 0.6524 0.198001 0.715046 0.170366 0.308216 1 0.6505 0.093750 0.860215 0.040468 0.081377 0 0.6338 0.068715 0.730364 0.039148 0.090794 10 0.5934 0.747953 0.538260 0.110207 0.234904 0 0.5847 0.045091 0.955485 0.045438 0.084610 11 0.4591 0.747043 0.921938 0.131179 0.150832 3 0.4238 0.851820 0.657762 0.067660 0.103770 0 0.4179 0.329888 0.412604 0.020663 0.049817 4 0.3958 0.812036 0.681429 0.085605 0.138618 5 0.3925 0.810175 0.681551 0.082878 0.145013 3 0.3821 0.196049 0.956749 0.067084 0.083889 3 0.3681 0.341376 0.826812 0.070138 0.172003 4 0.3662 0.519172 0.822904 0.057771 0.064412 2 0.3455 0.920207 0.853380 0.043640 0.104908 10 0.3381 0.025201 0.623834 0.050401 0.227898 1 0.3009 0.985891 0.784388 0.027456 0.081919 9 0.2067 0.197307 0.713925 0.163327 0.312391 0 0.2044 0.746333 0.782365 0.033124 0.087364 1 0.2008 0.095776 0.774868 0.026330 0.068634 1 0.1427 0.045829 0.954105 0.046212 0.085472 6 0.1375 0.749155 0.542574 0.105753 0.226737 3 0.1217 0.369130 0.394849 0.027932 0.047536
CCTV02^20260511-140000-20260511-142440_002414,1 0.7931 0.547115 0.338016 0.015477 0.052752 2 0.6526 0.291740 0.671105 0.034725 0.080279 2 0.6003 0.183106 0.794997 0.050946 0.113244 7 0.5821 0.623229 0.643968 0.064053 0.147394 9 0.4099 0.623184 0.635292 0.065918 0.128730 2 0.3522 0.466363 0.238952 0.017475 0.035825 2 0.2037 0.495284 0.222350 0.013416 0.033141 10 0.1529 0.323851 0.264022 0.031295 0.086716 2 0.1083 0.773361 0.449277 0.026271 0.060794
CCTV02^20260511-140000-20260511-142440_002417,10 0.8593 0.216087 0.853432 0.163553 0.292237 9 0.7699 0.466245 0.429456 0.051486 0.141513 2 0.7606 0.615770 0.342235 0.023410 0.047615 10 0.7500 0.388631 0.390921 0.045621 0.132710 2 0.7402 0.366208 0.307415 0.019977 0.048472 0 0.7253 0.808099 0.506642 0.026068 0.068015 2 0.5747 0.776276 0.464234 0.029842 0.062094 2 0.3189 0.779564 0.450403 0.019934 0.036428 2 0.2938 0.367597 0.217029 0.013822 0.034030 2 0.1151 0.008617 0.874567 0.017233 0.120543 2 0.1144 0.779307 0.479887 0.021434 0.036210 2 0.1081 0.857214 0.666805 0.031176 0.067590
CCTV02^20260511-140000-20260511-142440_002421,3 0.8198 0.709293 0.828872 0.078720 0.165252 2 0.7978 0.721359 0.454303 0.032771 0.071329 10 0.7672 0.412878 0.353657 0.043722 0.113468 2 0.7482 0.349117 0.464596 0.027565 0.070388 2 0.7009 0.563443 0.323387 0.024840 0.050296 3 0.6661 0.363711 0.562274 0.046512 0.094193 1 0.5855 0.750824 0.488521 0.028930 0.051036 2 0.5569 0.374347 0.258162 0.014876 0.035560 0 0.5496 0.337532 0.360574 0.019876 0.054261 4 0.5480 0.436582 0.308021 0.024811 0.052241 2 0.4691 0.502755 0.246674 0.018974 0.037434 2 0.3160 0.337600 0.358635 0.019866 0.054576 2 0.2827 0.937076 0.661657 0.040893 0.081314 9 0.2785 0.392329 0.197334 0.030234 0.074962 10 0.1664 0.325821 0.264086 0.030230 0.091538 2 0.1310 0.471456 0.212922 0.013185 0.026782 3 0.1179 0.658590 0.908453 0.073657 0.183094
CCTV02^20260511-140000-20260511-142440_002425,1 0.7905 0.441862 0.481759 0.019248 0.058006 2 0.7858 0.723784 0.452098 0.027376 0.061188 3 0.7753 0.372504 0.530276 0.033166 0.069281 2 0.7729 0.645137 0.376556 0.026923 0.055732 2 0.7434 0.596317 0.369587 0.023990 0.053645 2 0.7381 0.693265 0.436285 0.026382 0.059172 9 0.7305 0.495003 0.286882 0.040759 0.091261 2 0.7258 0.328488 0.581957 0.035878 0.080250 2 0.5898 0.558112 0.279260 0.018522 0.038944 2 0.5632 0.385466 0.270293 0.016564 0.039219 2 0.3402 0.377065 0.239903 0.011897 0.029848 2 0.3399 0.362763 0.219708 0.011663 0.031429 10 0.3180 0.324401 0.271947 0.032986 0.108103 2 0.2465 0.352510 0.250712 0.012375 0.037947 2 0.1558 0.154672 0.672206 0.029963 0.065700
CCTV02^20260511-140000-20260511-142440_002429,1 0.8374 0.533692 0.410502 0.017642 0.062295 1 0.8296 0.593546 0.406955 0.018753 0.057138 2 0.7865 0.650397 0.429925 0.028401 0.065933 2 0.7854 0.691914 0.420477 0.030345 0.059186 2 0.7569 0.716368 0.471393 0.031684 0.063841 2 0.7477 0.620454 0.404717 0.024084 0.050468 1 0.7457 0.565440 0.398241 0.014147 0.057028 1 0.7033 0.603858 0.350294 0.016052 0.041222 2 0.6995 0.543481 0.363369 0.019763 0.046284 2 0.6551 0.813944 0.480357 0.031045 0.063720 10 0.5971 0.305080 0.464882 0.085448 0.157842 2 0.5863 0.372056 0.263056 0.018108 0.039120 2 0.5663 0.558494 0.279436 0.019460 0.037892 2 0.5532 0.506750 0.257774 0.016878 0.037903 2 0.5524 0.255166 0.807272 0.047264 0.120369 2 0.5199 0.581550 0.358102 0.020595 0.046782 9 0.5185 0.452054 0.401551 0.034903 0.074602 2 0.4888 0.770306 0.471518 0.041837 0.061004 10 0.4479 0.325474 0.256965 0.029647 0.073835 4 0.3304 0.451339 0.400336 0.034639 0.073650 2 0.2058 0.534018 0.406559 0.013865 0.058308 9 0.1615 0.364686 0.184924 0.026589 0.055643 2 0.1466 0.202279 0.977263 0.064363 0.045473 2 0.1261 0.471672 0.221915 0.014454 0.030570
CCTV02^20260511-140000-20260511-142440_002433,2 0.7756 0.673248 0.454959 0.031471 0.062192 2 0.7591 0.360812 0.331679 0.020068 0.049831 2 0.7574 0.539084 0.322261 0.024187 0.049358 2 0.7540 0.797817 0.502962 0.042047 0.059913 2 0.7534 0.692070 0.422751 0.029875 0.062410 2 0.7497 0.602846 0.357301 0.022542 0.045067 2 0.7461 0.924722 0.655781 0.051752 0.092573 3 0.7041 0.437794 0.615977 0.039565 0.088499 2 0.7019 0.628097 0.351231 0.019509 0.046151 10 0.6448 0.325455 0.259548 0.028114 0.079912 2 0.6312 0.559562 0.281395 0.020402 0.037014 3 0.5602 0.571238 0.560000 0.042816 0.086766 3 0.5382 0.421903 0.290143 0.022982 0.051977 2 0.4874 0.489076 0.221396 0.016750 0.032327 2 0.3582 0.379399 0.279777 0.018640 0.045239 2 0.3537 0.799612 0.544198 0.029000 0.039659 0 0.3140 0.297589 0.421790 0.024200 0.059953
CCTV02^20260511-140000-20260511-142440_002437,2 0.8085 0.740851 0.479020 0.033877 0.060408 2 0.7715 0.665896 0.420460 0.026734 0.057197 2 0.7628 0.624404 0.359114 0.025703 0.051721 10 0.7620 0.325193 0.258296 0.028430 0.079983 2 0.7597 0.924503 0.655086 0.051483 0.094658 2 0.7558 0.704228 0.490679 0.033338 0.067057 10 0.6914 0.568802 0.461286 0.075762 0.185840 2 0.6750 0.692436 0.420798 0.024490 0.061260 2 0.6585 0.349872 0.343203 0.016573 0.048810 2 0.6159 0.525436 0.279659 0.018117 0.038064 2 0.5968 0.801859 0.508348 0.024199 0.066690 0 0.5810 0.274546 0.496998 0.031363 0.083068 3 0.5445 0.504987 0.322305 0.029122 0.056616 2 0.4815 0.510643 0.256421 0.016438 0.037310 2 0.3671 0.972713 0.771777 0.052530 0.113775 0 0.2661 0.801844 0.509220 0.025826 0.067707 0 0.2536 0.349930 0.344597 0.017517 0.052236 3 0.1928 0.469668 0.268838 0.024810 0.051612 0 0.1333 0.356924 0.310290 0.017553 0.042740
CCTV02^20260511-140000-20260511-142440_002441,2 0.7882 0.680306 0.500382 0.032160 0.067711 2 0.7868 0.706725 0.459316 0.034782 0.062355 7 0.7647 0.427343 0.298163 0.026319 0.054363 2 0.7640 0.756840 0.549704 0.037566 0.066397 2 0.7596 0.604515 0.353227 0.028121 0.050872 2 0.7553 0.961039 0.779305 0.056429 0.110289 2 0.7535 0.296715 0.495060 0.027038 0.062506 1 0.7262 0.549693 0.318927 0.014884 0.043199 2 0.7203 0.676621 0.396192 0.027264 0.052809 10 0.7157 0.325564 0.259350 0.028829 0.080624 2 0.6309 0.374591 0.267142 0.017550 0.041055 2 0.5835 0.518580 0.247015 0.016753 0.038541 2 0.5580 0.256530 0.732869 0.044241 0.095952 2 0.5540 0.872794 0.512858 0.024262 0.068350 2 0.5469 0.481361 0.239582 0.013388 0.029928 3 0.5111 0.553960 0.495104 0.034930 0.070926 3 0.5075 0.633364 0.563761 0.053024 0.113899 2 0.4970 0.467510 0.242163 0.013357 0.031810 2 0.4944 0.798170 0.526383 0.030256 0.058481 2 0.4007 0.239143 0.569759 0.031090 0.081295 2 0.3745 0.909596 0.677553 0.051567 0.093994 9 0.3276 0.428014 0.302049 0.026536 0.056900 2 0.1983 0.677141 0.452970 0.025492 0.047126 2 0.1622 0.494855 0.224173 0.011140 0.025868
CCTV02^20260511-140000-20260511-142440_002445,10 0.8150 0.325875 0.259942 0.028463 0.080658 2 0.8076 0.721813 0.512128 0.032682 0.073842 2 0.7963 0.807932 0.531469 0.025341 0.058626 2 0.7899 0.365920 0.370117 0.022886 0.062216 2 0.7500 0.704950 0.457542 0.026718 0.053597 2 0.7088 0.679023 0.435080 0.031269 0.059994 2 0.6969 0.577560 0.327419 0.022624 0.047673 2 0.6938 0.267278 0.556444 0.026684 0.067877 10 0.6892 0.414849 0.267583 0.035831 0.093978 9 0.6723 0.438444 0.502925 0.049062 0.106488 2 0.6589 0.510058 0.269089 0.019938 0.039928 2 0.6564 0.554594 0.290006 0.019036 0.040830 2 0.6516 0.729410 0.448254 0.030913 0.050548 7 0.5446 0.440135 0.501847 0.046871 0.101816 2 0.4007 0.238755 0.560846 0.028123 0.060644 9 0.2706 0.521676 0.350178 0.041919 0.092372 2 0.2486 0.947172 0.694049 0.055707 0.084909 2 0.2429 0.853079 0.540520 0.022227 0.064876 2 0.2093 0.895416 0.684603 0.051948 0.090068 2 0.1670 0.677670 0.390697 0.024596 0.040929 2 0.1617 0.990750 0.896680 0.018500 0.106188 7 0.1133 0.521914 0.354136 0.043639 0.095873 2 0.1027 0.480880 0.247421 0.020238 0.036740
CCTV02^20260511-140000-20260511-142440_002449,3 0.8338 0.578672 0.438868 0.038062 0.058243 2 0.7783 0.330408 0.454500 0.025042 0.067526 2 0.7772 0.872526 0.530375 0.024299 0.069176 1 0.7758 0.647413 0.485564 0.018517 0.058940 2 0.7662 0.640190 0.387539 0.029383 0.057866 2 0.7568 0.706988 0.461153 0.028403 0.060202 2 0.7514 0.681932 0.468995 0.026414 0.059076 4 0.7333 0.703573 0.550187 0.057407 0.090161 3 0.7251 0.552942 0.356627 0.032785 0.047232 3 0.6700 0.406357 0.309342 0.021466 0.036650 2 0.6680 0.752455 0.538372 0.036540 0.058649 2 0.6532 0.751724 0.467183 0.031526 0.055019 2 0.5715 0.955126 0.830188 0.062865 0.117763 1 0.5249 0.835611 0.503286 0.017410 0.058023 10 0.3642 0.325538 0.260122 0.030297 0.079653 2 0.2663 0.951215 0.699450 0.052604 0.070859 2 0.2551 0.771767 0.522701 0.029132 0.058118 2 0.1732 0.286508 0.494321 0.035098 0.063411 2 0.1355 0.239560 0.563747 0.029235 0.062891 2 0.1062 0.791973 0.485443 0.020917 0.051801 2 0.1060 0.562478 0.333659 0.020116 0.040767 2 0.1058 0.854839 0.456393 0.021175 0.054386
CCTV02^20260511-140000-20260511-142440_002453,2 0.7664 0.705304 0.435357 0.030244 0.055441 2 0.7595 0.115946 0.737259 0.052996 0.095191 1 0.7344 0.515815 0.286865 0.012968 0.044830 2 0.7319 0.900515 0.676039 0.048952 0.077761 2 0.6826 0.329625 0.569044 0.030732 0.073385 3 0.6157 0.033019 0.742120 0.066038 0.093709 2 0.6123 0.813345 0.484994 0.020569 0.049460 3 0.5636 0.778228 0.655480 0.086103 0.101940 2 0.5622 0.988061 0.794963 0.023372 0.103597 2 0.5308 0.357815 0.320055 0.016888 0.046903 2 0.3474 0.861495 0.534891 0.033386 0.065853 10 0.2567 0.427074 0.282934 0.037050 0.104021 7 0.2216 0.484934 0.283080 0.028555 0.059878 9 0.2015 0.580852 0.473282 0.073959 0.236873 1 0.1930 0.106803 0.935087 0.042787 0.102467 0 0.1718 0.357278 0.320044 0.016260 0.046885 10 0.1043 0.326170 0.259750 0.027607 0.080070
CCTV02^20260511-140000-20260511-142440_002457,3 0.8462 0.371528 0.466059 0.033509 0.064371 2 0.7922 0.333353 0.548841 0.028546 0.072907 2 0.7477 0.705762 0.432949 0.027593 0.054609 2 0.7241 0.390312 0.304375 0.019712 0.047279 2 0.7193 0.964861 0.804183 0.056820 0.128677 2 0.6896 0.528339 0.288345 0.019148 0.041950 2 0.6258 0.578238 0.330177 0.021045 0.050060 10 0.5628 0.325586 0.258765 0.029187 0.078068 2 0.5329 0.772258 0.468458 0.025930 0.052379 2 0.5327 0.861709 0.535620 0.034630 0.069877 10 0.5099 0.649417 0.401227 0.076642 0.125021 4 0.4365 0.391897 0.609306 0.058382 0.122088 4 0.4300 0.453902 0.544139 0.038733 0.089057 2 0.4232 0.024601 0.873109 0.049086 0.119193 0 0.3214 0.303506 0.418567 0.025111 0.061626 9 0.2895 0.398781 0.218350 0.021987 0.043830 2 0.2857 0.504512 0.234589 0.015596 0.031853 2 0.1062 0.897819 0.768601 0.051805 0.102446 11 0.1024 0.392658 0.609813 0.064398 0.123707
CCTV02^20260511-140000-20260511-142440_002461,2 0.7986 0.358134 0.493760 0.028368 0.069698 2 0.7874 0.310695 0.499631 0.029128 0.071283 9 0.6983 0.423135 0.309452 0.028483 0.062006 3 0.6640 0.516250 0.359360 0.028094 0.056515 2 0.6043 0.293620 0.817855 0.052200 0.125006 2 0.5799 0.524918 0.267243 0.019707 0.037173 2 0.5636 0.380632 0.259617 0.014479 0.035812 2 0.5535 0.024725 0.875101 0.049450 0.115577 7 0.4899 0.423516 0.311144 0.029326 0.065160 2 0.4378 0.275676 0.642819 0.057177 0.112360 4 0.3746 0.403730 0.565888 0.045542 0.104900 2 0.3397 0.363360 0.251001 0.015846 0.037935 10 0.1437 0.326339 0.257991 0.029172 0.077124 2 0.1015 0.141173 0.658708 0.058525 0.074241
CCTV02^20260511-140000-20260511-142440_002465,2 0.7592 0.569169 0.368965 0.025587 0.057859 2 0.7573 0.609230 0.384662 0.026369 0.057374 2 0.7548 0.370584 0.369932 0.024792 0.061426 2 0.6815 0.925374 0.657636 0.042949 0.085375 2 0.6743 0.403722 0.289115 0.016416 0.039981 2 0.6176 0.705071 0.440876 0.028223 0.047559 2 0.6001 0.386704 0.252841 0.014906 0.033442 2 0.5831 0.369774 0.253152 0.013609 0.032556 2 0.5530 0.861524 0.536163 0.032283 0.068041 2 0.5333 0.388460 0.297903 0.016015 0.040384 2 0.4818 0.021139 0.872491 0.042278 0.115409 6 0.4344 0.740440 0.568757 0.092974 0.204134 2 0.3961 0.363831 0.215375 0.010612 0.027765 4 0.3833 0.408704 0.745443 0.051789 0.128424 10 0.3122 0.738566 0.568079 0.092573 0.212571 2 0.2797 0.408373 0.750048 0.053721 0.131295 2 0.2755 0.142083 0.663051 0.056322 0.067082 10 0.2746 0.325912 0.259873 0.028473 0.078669 0 0.2692 0.408061 0.749174 0.053510 0.131156 7 0.2077 0.494878 0.311395 0.032227 0.082007 2 0.1508 0.375178 0.191213 0.013162 0.026900
CCTV02^20260511-140000-20260511-142440_002469,3 0.7385 0.545115 0.472878 0.036903 0.089419 2 0.7287 0.665458 0.385647 0.023572 0.049155 0 0.6779 0.267339 0.637078 0.040512 0.089489 2 0.6578 0.685927 0.410294 0.021723 0.045140 2 0.6499 0.926353 0.657542 0.041093 0.084916 2 0.5565 0.537593 0.310323 0.019642 0.039848 4 0.5180 0.836839 0.473636 0.035066 0.063594 2 0.5029 0.376931 0.230379 0.016043 0.032451 2 0.4535 0.018547 0.875577 0.036600 0.112268 3 0.4192 0.167394 0.924485 0.073037 0.128699 7 0.3667 0.519275 0.366680 0.030956 0.078484 10 0.2725 0.325854 0.258627 0.028737 0.077337 2 0.2317 0.565661 0.313700 0.016415 0.037003 2 0.1492 0.141233 0.664075 0.057584 0.071223 2 0.1403 0.518583 0.363677 0.032763 0.072779 2 0.1184 0.862480 0.534287 0.032868 0.070817
CCTV02^20260511-140000-20260511-142440_002473,3 0.8426 0.403111 0.399946 0.024865 0.048102 3 0.8278 0.713838 0.546364 0.051322 0.074523 2 0.8034 0.722774 0.451521 0.036775 0.053633 2 0.7892 0.649345 0.456022 0.028534 0.056189 2 0.7503 0.591127 0.368758 0.024841 0.049297 3 0.7447 0.385382 0.323910 0.021121 0.043598 0 0.7166 0.304754 0.427785 0.020148 0.063047 2 0.7106 0.272347 0.583815 0.035730 0.072761 2 0.7072 0.665591 0.387526 0.023981 0.049014 1 0.6957 0.673783 0.480097 0.021239 0.063691 2 0.6387 0.524798 0.337252 0.023055 0.050430 2 0.6142 0.926006 0.656829 0.041090 0.084975 1 0.6037 0.605515 0.702026 0.027021 0.074640 2 0.5753 0.355763 0.284886 0.017377 0.045766 2 0.5416 0.495726 0.264674 0.015750 0.037384 2 0.4300 0.019439 0.875237 0.038537 0.108003 2 0.3880 0.304714 0.430375 0.020407 0.062979 2 0.3499 0.529999 0.302527 0.016439 0.037702 1 0.2943 0.400255 0.355867 0.014623 0.043816 2 0.2562 0.431401 0.324339 0.028517 0.054224 2 0.2448 0.238258 0.565529 0.031366 0.072156 2 0.2279 0.774976 0.540477 0.031464 0.059213 1 0.1964 0.670846 0.431484 0.019130 0.052687 2 0.1427 0.526558 0.276045 0.015239 0.030511 9 0.1265 0.432385 0.323564 0.028607 0.054725 10 0.1092 0.326225 0.258009 0.027858 0.079491 3 0.1041 0.466888 0.267737 0.022454 0.044123
CCTV02^20260511-140000-20260511-142440_002476,3 0.8158 0.524361 0.377454 0.027876 0.060193 2 0.8077 0.684804 0.509447 0.032894 0.064424 2 0.7977 0.347269 0.484837 0.025252 0.063145 2 0.7889 0.285177 0.583169 0.034597 0.077709 2 0.7837 0.636237 0.366124 0.023988 0.052582 2 0.7745 0.648350 0.463595 0.029937 0.058840 2 0.7697 0.727576 0.455642 0.037786 0.060897 0 0.7595 0.320244 0.437909 0.020987 0.058481 9 0.7497 0.389756 0.515790 0.061735 0.121897 2 0.7429 0.510447 0.316521 0.019422 0.042445 2 0.7014 0.538383 0.330019 0.018146 0.040648 3 0.6801 0.570947 0.573784 0.041587 0.083480 2 0.6563 0.090680 0.737435 0.067621 0.074966 2 0.6485 0.359068 0.308493 0.017382 0.043070 9 0.5919 0.459610 0.443516 0.041104 0.085590 11 0.5760 0.459475 0.443547 0.040742 0.084516 4 0.5332 0.588467 0.375173 0.034271 0.067709 1 0.5091 0.474867 0.270927 0.011242 0.038768 2 0.5015 0.018689 0.872778 0.037377 0.116053 0 0.4427 0.340960 0.312934 0.013049 0.040405 10 0.3380 0.411812 0.268375 0.037602 0.083328 2 0.3365 0.653846 0.427821 0.024644 0.041703 2 0.3016 0.542468 0.289547 0.016545 0.038771 2 0.2906 0.955352 0.727337 0.051825 0.096955 2 0.2052 0.770065 0.467431 0.027733 0.043350 2 0.1305 0.647324 0.846958 0.065129 0.184039 2 0.1259 0.740171 0.770151 0.038009 0.066840 2 0.1237 0.791251 0.463653 0.024598 0.043722 3 0.1119 0.318458 0.313876 0.024340 0.040474 2 0.1077 0.860994 0.532298 0.031034 0.070979
CCTV02^20260511-140000-20260511-142440_002480,2 0.7668 0.371655 0.326476 0.019034 0.048680 2 0.7628 0.355527 0.377740 0.022410 0.056318 1 0.7622 0.404308 0.340341 0.015700 0.050572 9 0.7108 0.798857 0.458784 0.055797 0.100425 2 0.7059 0.709620 0.473160 0.042899 0.066783 10 0.6880 0.305839 0.551297 0.065939 0.218669 2 0.4519 0.238989 0.566028 0.031157 0.070552 2 0.4054 0.018295 0.877782 0.036206 0.110316 2 0.3911 0.369218 0.220913 0.013610 0.031105 4 0.3204 0.877053 0.735909 0.088813 0.119250 2 0.2012 0.737807 0.458699 0.027548 0.063805 4 0.1318 0.821377 0.545277 0.038213 0.074821 10 0.1114 0.326124 0.259324 0.029456 0.076759
CCTV02^20260511-140000-20260511-142440_002484,3 0.8547 0.536525 0.408676 0.029561 0.057951 3 0.8005 0.465188 0.447441 0.027943 0.060068 2 0.7676 0.714690 0.470147 0.039418 0.056851 10 0.7330 0.435718 0.342614 0.037830 0.104394 2 0.6625 0.207049 0.901280 0.057829 0.125535 2 0.6600 0.540712 0.296122 0.019244 0.039425 2 0.5093 0.764988 0.479792 0.022775 0.051884 3 0.4860 0.660310 0.463713 0.047371 0.081877 2 0.4378 0.792767 0.500612 0.022029 0.058921 4 0.3512 0.776974 0.689531 0.048038 0.121932 2 0.3406 0.312472 0.528891 0.030206 0.063487 2 0.3081 0.737082 0.457496 0.024646 0.058294 7 0.2375 0.776617 0.689944 0.044905 0.121566 2 0.2279 0.019335 0.874087 0.038671 0.115370 9 0.2234 0.381837 0.203072 0.017838 0.038619 2 0.2174 0.343167 0.290915 0.015815 0.040794 2 0.1227 0.475180 0.214914 0.015612 0.031354 2 0.1101 0.486620 0.222137 0.014007 0.031889
CCTV02^20260511-140000-20260511-142440_002488,2 0.8012 0.686624 0.513839 0.026364 0.066031 3 0.7416 0.419051 0.300265 0.021789 0.038317 2 0.7367 0.286131 0.510677 0.025130 0.070304 2 0.6699 0.618055 0.346979 0.020048 0.045102 2 0.6665 0.527578 0.283232 0.019775 0.039005 2 0.6308 0.378324 0.321872 0.020086 0.046225 2 0.5703 0.932431 0.824013 0.055090 0.109622 2 0.5153 0.718355 0.467527 0.034921 0.053661 4 0.5054 0.776835 0.700463 0.048696 0.114421 2 0.5030 0.087468 0.729220 0.063899 0.087997 2 0.4799 0.754192 0.472592 0.029453 0.055152 2 0.3976 0.018861 0.873937 0.037721 0.114572 2 0.3488 0.725048 0.508725 0.040523 0.051720 4 0.3374 0.084714 0.729972 0.062278 0.082543 2 0.3052 0.792990 0.491332 0.026566 0.055381 2 0.1352 0.362733 0.229229 0.014233 0.035321 3 0.1322 0.752492 0.555857 0.081818 0.107431 2 0.1255 0.505844 0.245810 0.015539 0.035510 0 0.1151 0.990953 0.794406 0.018093 0.112599
CCTV02^20260511-140000-20260511-142440_002492,3 0.8464 0.437351 0.453160 0.027873 0.055835 2 0.8440 0.718126 0.477113 0.037273 0.068795 2 0.8003 0.661609 0.477734 0.028752 0.060534 2 0.7464 0.687624 0.441841 0.021749 0.053873 7 0.7304 0.591506 0.659587 0.047700 0.105366 2 0.7298 0.757967 0.555511 0.038662 0.073772 9 0.7227 0.559176 0.504775 0.051496 0.130524 2 0.6692 0.381126 0.391819 0.019458 0.051712 2 0.5478 0.884189 0.688238 0.041423 0.084619 2 0.5055 0.361216 0.390408 0.017984 0.047701 2 0.5016 0.020073 0.875842 0.039381 0.115435 2 0.4296 0.373177 0.274965 0.017281 0.039165 2 0.4118 0.282262 0.687097 0.040466 0.087345 2 0.3590 0.932050 0.703042 0.049655 0.074850 2 0.2911 0.928703 0.650342 0.039427 0.073997 2 0.2777 0.526600 0.288522 0.017085 0.039768 10 0.1992 0.659349 0.739599 0.090982 0.236201 2 0.1357 0.984045 0.737110 0.031894 0.098275
CCTV02^20260511-140000-20260511-142440_002496,3 0.8607 0.435917 0.364308 0.027602 0.063257 10 0.8164 0.657374 0.803719 0.150854 0.384222 2 0.8056 0.719423 0.476111 0.040450 0.065285 2 0.7930 0.925959 0.769741 0.052601 0.109498 2 0.7790 0.588889 0.390765 0.024226 0.051306 10 0.7689 0.668196 0.371835 0.071177 0.101178 2 0.7672 0.379672 0.415318 0.022028 0.055897 2 0.7624 0.627464 0.416324 0.024761 0.050853 2 0.6844 0.556066 0.379662 0.022125 0.047757 9 0.6718 0.470528 0.468362 0.038446 0.082219 2 0.6248 0.511385 0.309333 0.015247 0.038099 2 0.5729 0.289281 0.586641 0.037783 0.076373 2 0.5634 0.258831 0.846553 0.053506 0.121741 2 0.4356 0.503167 0.290511 0.014550 0.033779 2 0.4203 0.019473 0.874058 0.038299 0.108827 2 0.3478 0.534242 0.316314 0.014796 0.035129 2 0.3317 0.563549 0.346350 0.017229 0.037894 2 0.3045 0.991176 0.832119 0.017582 0.113746 2 0.2822 0.558785 0.332902 0.020887 0.042988 2 0.1876 0.963028 0.898449 0.068784 0.116969 2 0.1497 0.546307 0.308632 0.015955 0.033803 10 0.1269 0.325761 0.259090 0.028068 0.077259 3 0.1189 0.373814 0.190943 0.013755 0.020664 2 0.1066 0.690357 0.428744 0.039112 0.045748
CCTV02^20260511-140000-20260511-142440_002500,3 0.8622 0.421785 0.357613 0.024815 0.057817 10 0.8533 0.668780 0.374922 0.071811 0.105610 3 0.7867 0.494330 0.318978 0.023405 0.044459 2 0.7787 0.765804 0.535549 0.030867 0.062220 2 0.7706 0.346592 0.470096 0.028475 0.069455 2 0.7350 0.733178 0.452178 0.030347 0.058228 2 0.7257 0.739723 0.556508 0.034504 0.065494 2 0.7188 0.705883 0.466325 0.041473 0.057128 2 0.6661 0.607871 0.414398 0.020491 0.062630 10 0.6469 0.552916 0.373170 0.068185 0.136765 2 0.5315 0.018519 0.875513 0.036463 0.109030 2 0.4428 0.973906 0.863792 0.052188 0.128399 2 0.4206 0.326211 0.339969 0.017007 0.047522 2 0.3838 0.533032 0.268619 0.018136 0.039246 9 0.3211 0.430318 0.475484 0.039464 0.084125 7 0.3041 0.430538 0.475276 0.039314 0.084085 4 0.1935 0.430682 0.476128 0.041123 0.089485 1 0.1818 0.608233 0.414243 0.022242 0.067070 2 0.1751 0.881186 0.686106 0.044332 0.080801
CCTV02^20260511-140000-20260511-142440_002504,10 0.8016 0.667179 0.372145 0.068718 0.099296 2 0.7738 0.689583 0.441899 0.031943 0.052530 3 0.7242 0.476751 0.275034 0.021982 0.040663 2 0.7197 0.535467 0.294767 0.021150 0.041930 2 0.7126 0.736027 0.457414 0.031282 0.056604 3 0.6302 0.318796 0.312582 0.022610 0.036942 2 0.5502 0.019698 0.874058 0.038760 0.109944 2 0.4593 0.300041 0.395500 0.022929 0.053564 2 0.3189 0.981251 0.936886 0.037469 0.115186 10 0.3163 0.854320 0.867180 0.201624 0.265640 2 0.2798 0.928421 0.651141 0.037135 0.073458 2 0.2494 0.803716 0.501394 0.023440 0.055624 2 0.2058 0.906382 0.700790 0.053166 0.073183 2 0.1370 0.821762 0.467780 0.031814 0.053886 4 0.1191 0.802608 0.500089 0.022415 0.055417 2 0.1147 0.379374 0.213762 0.011079 0.031735 2 0.1146 0.857331 0.464920 0.028144 0.064211 2 0.1006 0.927093 0.844371 0.052430 0.105894
CCTV02^20260511-140000-20260511-142440_002508,9 0.9293 0.395139 0.203733 0.029068 0.061521 9 0.8854 0.602647 0.398440 0.052808 0.078929 2 0.8314 0.973951 0.794195 0.051391 0.110875 2 0.8228 0.697794 0.469956 0.032701 0.058728 2 0.8152 0.620623 0.569750 0.031686 0.076043 2 0.8131 0.926009 0.657275 0.041703 0.086449 10 0.8089 0.668220 0.374253 0.070989 0.109351 1 0.7700 0.544723 0.456575 0.015663 0.049270 5 0.7588 0.579469 0.291154 0.030193 0.047335 2 0.6670 0.025885 0.874705 0.051426 0.117563 2 0.6646 0.570957 0.436186 0.025165 0.059329 3 0.6561 0.319188 0.311675 0.021448 0.039671 2 0.6488 0.651430 0.408879 0.026303 0.045854 1 0.4532 0.564315 0.437646 0.015038 0.056700 2 0.4266 0.857372 0.465054 0.029195 0.060359 2 0.3960 0.802614 0.521423 0.023982 0.058165 10 0.3551 0.325915 0.258896 0.029826 0.078771 2 0.1376 0.783232 0.612028 0.046786 0.078004
CCTV02^20260511-140000-20260511-142440_002512,5 0.8724 0.633866 0.346981 0.027482 0.056647 10 0.8530 0.434576 0.390986 0.041259 0.126045 9 0.7990 0.941641 0.834283 0.115723 0.204247 2 0.7858 0.698930 0.444362 0.030805 0.057203 2 0.7850 0.747756 0.528232 0.029935 0.064647 2 0.7807 0.356257 0.468545 0.028442 0.063314 2 0.7594 0.925796 0.656292 0.043263 0.089798 10 0.7515 0.671129 0.378387 0.059839 0.105328 3 0.7310 0.318816 0.312941 0.022410 0.038185 2 0.6181 0.023211 0.874614 0.046292 0.113219 2 0.5762 0.376667 0.282222 0.017593 0.044243 2 0.1764 0.355962 0.297640 0.017612 0.053534 1 0.1200 0.325287 0.462088 0.013440 0.069166 0 0.1185 0.355377 0.298789 0.016594 0.050643 2 0.1173 0.876973 0.557341 0.031532 0.065085
CCTV02^20260511-140000-20260511-142440_002813,10 0.8903 0.559376 0.364942 0.061322 0.121936 10 0.8887 0.295923 0.584797 0.102676 0.229176 2 0.8799 0.160133 0.685921 0.042614 0.078997 3 0.8648 0.502816 0.338880 0.030453 0.053082 2 0.8482 0.874322 0.546877 0.043399 0.063681 5 0.8475 0.636983 0.347392 0.032368 0.057147 3 0.8165 0.319201 0.312127 0.022134 0.035857 3 0.8072 0.509344 0.299311 0.023136 0.039236 2 0.7934 0.678548 0.484257 0.031630 0.065023 2 0.7905 0.925139 0.647880 0.042143 0.074020 2 0.7762 0.631035 0.382095 0.025674 0.044260 2 0.7617 0.738677 0.486795 0.030266 0.064687 2 0.7437 0.316040 0.384923 0.020694 0.048417 3 0.7145 0.760372 0.688806 0.070730 0.110933 3 0.6496 0.976667 0.784524 0.046610 0.132516 1 0.6091 0.853303 0.656918 0.020318 0.050805 3 0.2589 0.468973 0.268733 0.021768 0.038978 2 0.2570 0.994536 0.906804 0.010917 0.103430 2 0.1742 0.807953 0.456720 0.025051 0.054554 1 0.1656 0.995441 0.902875 0.009118 0.076945 2 0.1518 0.978265 0.678789 0.041088 0.086156 2 0.1394 0.830365 0.568283 0.019262 0.043773
CCTV02^20260511-140000-20260511-142440_002817,10 0.9047 0.646050 0.573622 0.108272 0.234949 2 0.8741 0.160002 0.685705 0.042483 0.079585 3 0.8647 0.329274 0.917253 0.081591 0.130408 4 0.8632 0.550817 0.400402 0.028740 0.071197 2 0.8568 0.713069 0.443640 0.031355 0.056291 10 0.8534 0.392305 0.296441 0.033159 0.097317 2 0.8306 0.881924 0.554397 0.037678 0.057832 3 0.8255 0.318514 0.312060 0.022454 0.035648 2 0.8168 0.268312 0.571483 0.029575 0.063395 5 0.7879 0.636349 0.347225 0.033235 0.059260 2 0.7870 0.344614 0.564858 0.031804 0.071263 1 0.7798 0.049735 0.755232 0.047161 0.057478 2 0.7611 0.929193 0.697602 0.047084 0.092121 2 0.7397 0.316187 0.384271 0.020455 0.047764 2 0.7103 0.297979 0.525415 0.044294 0.056059 3 0.7054 0.768197 0.433238 0.040123 0.055410 2 0.6607 0.853953 0.532887 0.029185 0.053002 0 0.6484 0.337367 0.512442 0.024685 0.070981 2 0.6379 0.172983 0.934486 0.061565 0.096852 0 0.2511 0.307394 0.496757 0.028920 0.056310 4 0.2415 0.328926 0.914818 0.080537 0.131743 3 0.2210 0.307693 0.495269 0.028754 0.056635 2 0.1191 0.308178 0.494802 0.027225 0.056079
CCTV02^20260511-140000-20260511-142440_002821,4 0.8891 0.435032 0.381802 0.024141 0.055920 2 0.8839 0.160366 0.685252 0.042071 0.078239 10 0.8784 0.650577 0.490170 0.077646 0.161087 3 0.8641 0.774449 0.507172 0.051550 0.065086 2 0.8541 0.728653 0.547348 0.034765 0.074943 2 0.8533 0.811262 0.527303 0.029063 0.056679 2 0.8468 0.294204 0.526207 0.037807 0.056441 2 0.8355 0.268369 0.571512 0.030993 0.063595 2 0.8337 0.713144 0.443999 0.031214 0.055708 3 0.8174 0.318576 0.311933 0.022718 0.035799 2 0.8157 0.609798 0.370055 0.023521 0.045365 5 0.8137 0.636746 0.346505 0.032443 0.056528 2 0.7493 0.924171 0.649553 0.044499 0.080594 2 0.7421 0.881983 0.556206 0.038416 0.064146 2 0.7398 0.315750 0.385347 0.020471 0.047828 1 0.6994 0.349255 0.361924 0.015516 0.042291 2 0.6708 0.978810 0.685330 0.041052 0.093987 2 0.6567 0.367394 0.313358 0.016390 0.033466 2 0.5995 0.377437 0.337435 0.016888 0.042373 0 0.3324 0.376969 0.337094 0.016618 0.041233 2 0.2926 0.506685 0.262856 0.015612 0.029545 4 0.1612 0.991172 0.805680 0.017656 0.087200 2 0.1376 0.991299 0.811549 0.017401 0.100114 0 0.1364 0.852694 0.553077 0.024217 0.055220 3 0.1260 0.991135 0.806614 0.017730 0.089045 2 0.1105 0.372086 0.254892 0.015291 0.030868
CCTV02^20260511-140000-20260511-142440_002825,9 0.9198 0.577416 0.504749 0.058311 0.103513 3 0.8801 0.741456 0.516164 0.074172 0.063838 10 0.8618 0.539186 0.350636 0.056912 0.124183 2 0.8567 0.161892 0.682379 0.045831 0.073109 3 0.8553 0.143487 0.744746 0.112764 0.089567 2 0.8393 0.268406 0.571043 0.030220 0.063199 3 0.8329 0.318733 0.312489 0.022826 0.036057 5 0.8249 0.636069 0.347657 0.033352 0.059600 2 0.8239 0.294431 0.526399 0.038776 0.057618 2 0.8165 0.882767 0.554453 0.041467 0.064302 2 0.7887 0.666311 0.469135 0.031796 0.058000 2 0.7609 0.931612 0.661552 0.042202 0.083953 2 0.7567 0.316320 0.387264 0.019113 0.046469 2 0.7407 0.660347 0.401425 0.028595 0.046156 2 0.6568 0.793304 0.487239 0.038868 0.052410 0 0.4054 0.971690 0.928298 0.055836 0.121904 3 0.3541 0.991051 0.800623 0.017897 0.082399 2 0.3360 0.730993 0.474452 0.036048 0.044416 3 0.2281 0.499085 0.281521 0.022132 0.032695 2 0.1630 0.978151 0.680490 0.040746 0.081502 2 0.1462 0.498830 0.281485 0.022302 0.032828 2 0.1120 0.802256 0.446386 0.024711 0.054125 7 0.1083 0.578400 0.506020 0.055793 0.112096 2 0.1012 0.840999 0.573709 0.035537 0.067991
CCTV02^20260511-140000-20260511-142440_002829,4 0.8989 0.674273 0.464578 0.041317 0.085901 3 0.8913 0.745288 0.512833 0.073003 0.062647 2 0.8859 0.160225 0.686291 0.042051 0.079079 3 0.8451 0.318681 0.312712 0.022406 0.036181 2 0.8404 0.268382 0.571904 0.030166 0.063091 2 0.8365 0.705479 0.447518 0.032319 0.058580 2 0.8335 0.827538 0.534498 0.026840 0.064057 2 0.8219 0.294581 0.527154 0.038575 0.056838 5 0.8072 0.636367 0.348481 0.033161 0.058456 2 0.7860 0.918723 0.650322 0.040929 0.084993 2 0.7817 0.565317 0.373547 0.021739 0.050399 2 0.7132 0.315973 0.386418 0.019876 0.050519 2 0.5077 0.883054 0.553890 0.039101 0.064720 2 0.3735 0.987952 0.953395 0.024096 0.093073 1 0.3477 0.987309 0.951450 0.025381 0.091382 9 0.3227 0.732987 0.823415 0.089505 0.197794 7 0.3216 0.735048 0.831361 0.083927 0.176658 4 0.2668 0.733958 0.835763 0.083425 0.174626 3 0.2513 0.991100 0.801838 0.017800 0.080573 2 0.2276 0.859183 0.565117 0.022311 0.050425 2 0.2053 0.991406 0.809462 0.017150 0.095809 7 0.1554 0.834355 0.691450 0.075779 0.096900 0 0.1104 0.987653 0.949696 0.024694 0.089108
CCTV02^20260511-140000-20260511-142440_002833,3 0.8805 0.744671 0.506579 0.075692 0.059437 2 0.8782 0.161816 0.685800 0.046089 0.077940 4 0.8656 0.355677 0.522405 0.037624 0.074370 2 0.8629 0.811246 0.502141 0.029104 0.067408 2 0.8523 0.268158 0.570964 0.029653 0.062118 2 0.8406 0.294404 0.526500 0.038432 0.058083 3 0.8227 0.318617 0.312383 0.022169 0.035616 5 0.8121 0.636264 0.347903 0.033598 0.058959 2 0.8051 0.681570 0.499241 0.031581 0.064220 2 0.8047 0.895743 0.666026 0.043905 0.085896 2 0.7861 0.396641 0.376544 0.020049 0.045993 2 0.7190 0.315979 0.386503 0.018231 0.047042 9 0.5010 0.643538 0.618916 0.054618 0.102341 4 0.4377 0.642848 0.621821 0.055620 0.107951 2 0.2185 0.926603 0.653416 0.031588 0.086598 2 0.1821 0.990884 0.811622 0.018100 0.101019 3 0.1700 0.991486 0.802366 0.017028 0.081959 2 0.1527 0.978308 0.681383 0.043134 0.091139
CCTV02^20260511-140000-20260511-142440_002836,3 0.9126 0.679864 0.526320 0.055992 0.067891 2 0.8903 0.160657 0.685681 0.043606 0.078837 2 0.8619 0.896196 0.672597 0.043615 0.086988 2 0.8508 0.268337 0.571592 0.029820 0.063391 2 0.8504 0.246637 0.752742 0.041505 0.091339 5 0.8440 0.636553 0.348051 0.033495 0.058822 3 0.8396 0.318824 0.312359 0.022262 0.036453 3 0.8265 0.861629 0.547193 0.047267 0.088148 2 0.8249 0.951580 0.745353 0.038783 0.102012 10 0.8220 0.325086 0.734231 0.117071 0.333832 2 0.8127 0.294496 0.527726 0.038641 0.058538 2 0.7869 0.651791 0.414068 0.028117 0.052046 2 0.7363 0.983496 0.867433 0.033008 0.110470 2 0.7346 0.315814 0.385743 0.020415 0.049648 2 0.7289 0.815871 0.517430 0.023413 0.065295 7 0.6159 0.816260 0.515664 0.023795 0.064361 9 0.3782 0.384240 0.293276 0.030497 0.062398 11 0.3242 0.384118 0.292129 0.030560 0.059558 2 0.3131 0.978394 0.680722 0.040381 0.086994 3 0.2010 0.992013 0.795696 0.015974 0.073672 2 0.1659 0.806502 0.477564 0.028815 0.056372 2 0.1568 0.538048 0.285704 0.017596 0.034455
CCTV02^20260511-140000-20260511-142440_002840,10 0.9237 0.348903 0.403731 0.046166 0.134332 4 0.8833 0.778602 0.627837 0.073540 0.093238 2 0.8782 0.160165 0.685104 0.042070 0.075269 3 0.8777 0.596905 0.363198 0.030571 0.045147 9 0.8746 0.538003 0.390571 0.048875 0.095679 2 0.8460 0.268413 0.570328 0.029079 0.062437 3 0.8426 0.318770 0.312647 0.022170 0.035762 10 0.8303 0.671991 0.607141 0.124631 0.275400 9 0.8206 0.576264 0.512094 0.051719 0.111805 2 0.8168 0.307131 0.544290 0.028050 0.060712 5 0.8043 0.636396 0.348099 0.033586 0.059783 3 0.7994 0.867261 0.563677 0.041132 0.088294 2 0.7818 0.248995 0.658903 0.041880 0.074517 2 0.7643 0.782467 0.533731 0.029796 0.067142 2 0.7565 0.768136 0.459948 0.038172 0.058021 2 0.7335 0.315799 0.385908 0.018507 0.049202 3 0.6796 0.865172 0.743119 0.089112 0.119366 2 0.4844 0.977871 0.682418 0.044208 0.096289 2 0.4770 0.981055 0.895359 0.037890 0.141256 7 0.4728 0.578234 0.513824 0.051537 0.109571 2 0.4511 0.132843 0.733666 0.045571 0.089326 4 0.3680 0.131089 0.733563 0.048647 0.087076 4 0.3530 0.782021 0.533265 0.029436 0.060775 3 0.2355 0.990594 0.803660 0.018812 0.089273 2 0.1931 0.878570 0.511001 0.025066 0.051030 3 0.1387 0.587460 0.476362 0.038587 0.070632 2 0.1271 0.695913 0.792072 0.052069 0.103616
CCTV02^20260511-140000-20260511-142440_002844,10 0.9269 0.348781 0.403691 0.045443 0.133202 3 0.9204 0.928324 0.810693 0.073745 0.134570 10 0.9161 0.309326 0.673941 0.106201 0.273754 3 0.9026 0.593569 0.590696 0.051197 0.089680 2 0.8822 0.160393 0.686227 0.043276 0.078118 2 0.8445 0.268441 0.570704 0.029251 0.062371 3 0.8430 0.318806 0.313007 0.022870 0.037003 2 0.8020 0.595403 0.361904 0.028331 0.048944 5 0.7963 0.636293 0.348222 0.033924 0.058627 4 0.7822 0.755297 0.566446 0.067881 0.104480 2 0.7657 0.314243 0.390782 0.018093 0.050867 2 0.7108 0.289661 0.523702 0.026918 0.048707 2 0.7058 0.933207 0.671275 0.045338 0.092226 4 0.7044 0.397712 0.348577 0.022235 0.055820 2 0.6510 0.235810 0.944119 0.066372 0.105270 2 0.6216 0.306889 0.536237 0.025239 0.050021 3 0.6101 0.425880 0.277488 0.019594 0.029666 2 0.5872 0.384045 0.329096 0.015797 0.035456 2 0.5778 0.918191 0.581495 0.037673 0.077520 2 0.3401 0.571343 0.327197 0.020251 0.040717 2 0.2149 0.978794 0.684652 0.041727 0.093497 2 0.2139 0.990962 0.810137 0.017974 0.100679 4 0.1500 0.383467 0.331010 0.017108 0.040214 3 0.1062 0.991352 0.804114 0.017296 0.088522
CCTV02^20260511-140000-20260511-142440_002848,10 0.9142 0.348864 0.402953 0.044612 0.131494 9 0.9140 0.458668 0.378762 0.033908 0.075624 10 0.9084 0.342615 0.561981 0.094062 0.211585 4 0.9056 0.632982 0.412866 0.036947 0.056597 2 0.8850 0.159630 0.686248 0.042650 0.080512 3 0.8847 0.456467 0.578761 0.037952 0.074316 2 0.8573 0.268179 0.570051 0.029501 0.060215 3 0.8431 0.319174 0.312982 0.022624 0.036339 2 0.8406 0.657527 0.569936 0.032554 0.076803 7 0.8323 0.964801 0.875748 0.070398 0.189599 2 0.8313 0.956236 0.705474 0.052356 0.089619 2 0.8257 0.686529 0.466615 0.032613 0.060591 5 0.8150 0.636530 0.348601 0.033886 0.058168 2 0.8003 0.395494 0.336293 0.017496 0.038782 0 0.8002 0.242389 0.636893 0.040293 0.072747 2 0.7964 0.640351 0.476032 0.029466 0.061296 2 0.7647 0.314288 0.389869 0.019135 0.050184 2 0.6506 0.918045 0.581238 0.038025 0.078330 2 0.5955 0.290093 0.522078 0.026857 0.048323 3 0.2319 0.991140 0.802720 0.017720 0.088845 4 0.1484 0.964018 0.878281 0.071964 0.207870 9 0.1032 0.964339 0.878523 0.070579 0.203410
CCTV02^20260511-140000-20260511-142440_002852,10 0.9216 0.347824 0.402845 0.046596 0.132354 10 0.8939 0.414376 0.302975 0.033098 0.094285 2 0.8888 0.160205 0.685545 0.042763 0.077726 3 0.8867 0.414525 0.675667 0.053241 0.090210 2 0.8594 0.272392 0.557379 0.030697 0.061838 2 0.8433 0.307310 0.543624 0.028231 0.062108 5 0.8430 0.636533 0.347538 0.034106 0.059044 2 0.8414 0.384035 0.437584 0.023253 0.053684 3 0.8373 0.319103 0.312788 0.022179 0.037023 2 0.8360 0.957972 0.708005 0.051545 0.091600 3 0.8351 0.287198 0.742163 0.096189 0.098488 2 0.7966 0.376526 0.493501 0.026035 0.058677 2 0.7782 0.258460 0.667711 0.048290 0.083854 2 0.7663 0.314322 0.389473 0.018836 0.048455 2 0.6728 0.918546 0.583135 0.038238 0.077617 2 0.5305 0.802285 0.459388 0.030416 0.059912 9 0.2984 0.454937 0.377450 0.034948 0.076205 3 0.1901 0.990993 0.804019 0.018013 0.086665 2 0.1364 0.990588 0.808588 0.018796 0.093638 4 0.1343 0.479683 0.268798 0.026583 0.065070
CCTV02^20260511-140000-20260511-142440_002856,10 0.9225 0.348450 0.403914 0.047083 0.133650 2 0.8806 0.159973 0.686139 0.042108 0.079181 3 0.8446 0.319303 0.313000 0.022241 0.035766 5 0.8435 0.636350 0.347038 0.033060 0.057153 2 0.8417 0.957609 0.709013 0.051611 0.091992 2 0.8351 0.272240 0.558865 0.031239 0.061115 2 0.8126 0.307525 0.539162 0.029085 0.059654 0 0.8118 0.237471 0.643709 0.041730 0.077833 2 0.8086 0.341484 0.560231 0.031999 0.069301 2 0.7888 0.314343 0.389517 0.018295 0.048698 2 0.7522 0.780491 0.557963 0.036712 0.063161 2 0.7058 0.918088 0.581047 0.038129 0.075442 4 0.6851 0.417208 0.300833 0.022831 0.050893 2 0.5605 0.596027 0.343689 0.016549 0.041289 2 0.5562 0.384285 0.302774 0.018745 0.037071 0 0.4482 0.595582 0.344602 0.016935 0.041271 4 0.4445 0.446286 0.406946 0.025866 0.049191 3 0.2846 0.991272 0.801904 0.017456 0.083508 10 0.2119 0.497327 0.279885 0.037540 0.076337 2 0.2080 0.991271 0.809891 0.017395 0.098287 1 0.1682 0.994359 0.543779 0.011282 0.051608 3 0.1489 0.446147 0.409792 0.027304 0.053356 2 0.1428 0.446280 0.409454 0.026653 0.053019
CCTV02^20260511-140000-20260511-142440_002860,10 0.9211 0.347704 0.403014 0.045616 0.132435 2 0.8825 0.160293 0.685873 0.042839 0.078751 3 0.8487 0.318991 0.313225 0.022700 0.036053 5 0.8464 0.636256 0.348066 0.033474 0.058413 2 0.8366 0.256222 0.745703 0.048169 0.093617 2 0.8275 0.956011 0.705119 0.052536 0.087790 2 0.8152 0.282047 0.534639 0.038265 0.061310 2 0.8132 0.284204 0.632965 0.041691 0.079376 0 0.8023 0.239053 0.639732 0.040144 0.075274 2 0.7995 0.655434 0.456807 0.029058 0.057878 2 0.7895 0.413465 0.396197 0.019422 0.046783 2 0.7831 0.386002 0.389434 0.020317 0.045903 2 0.7715 0.588087 0.389641 0.024020 0.046710 2 0.7699 0.314433 0.389485 0.018696 0.049097 2 0.7656 0.387510 0.323564 0.017359 0.038755 2 0.7594 0.615619 0.388741 0.022381 0.045162 2 0.7313 0.553082 0.316686 0.019538 0.040895 2 0.7187 0.917902 0.581196 0.038306 0.076817 2 0.3813 0.898998 0.727207 0.038763 0.110314 2 0.3588 0.795252 0.604497 0.034972 0.066776 4 0.2935 0.873102 0.641247 0.030529 0.078229 3 0.2255 0.990875 0.800422 0.018251 0.079578 2 0.2208 0.990920 0.802131 0.018060 0.081296 4 0.1056 0.793469 0.599113 0.035921 0.070232 2 0.1005 0.871535 0.638114 0.030213 0.075320
CCTV02^20260511-140000-20260511-142440_002864,10 0.9222 0.348681 0.403517 0.046556 0.134800 3 0.8736 0.512928 0.332744 0.025600 0.042193 5 0.8697 0.636881 0.348636 0.032338 0.058917 3 0.8607 0.577490 0.425714 0.035657 0.063724 3 0.8456 0.319512 0.312311 0.022270 0.036323 2 0.8450 0.953605 0.853985 0.057570 0.122157 2 0.8324 0.915337 0.747096 0.042426 0.096701 2 0.8249 0.956524 0.704393 0.051549 0.086285 2 0.8238 0.311781 0.683962 0.036514 0.083454 2 0.7763 0.830967 0.508963 0.021180 0.064023 2 0.7715 0.314722 0.389870 0.018924 0.051698 2 0.7367 0.160476 0.681178 0.042869 0.085404 2 0.7245 0.621300 0.366147 0.020576 0.038226 2 0.6772 0.918439 0.582479 0.038643 0.079880 3 0.6654 0.474302 0.273601 0.021786 0.034936 2 0.6627 0.980876 0.816356 0.038249 0.104672 4 0.6233 0.831523 0.507314 0.022345 0.062637 2 0.5668 0.194480 0.687717 0.048895 0.071142 2 0.5593 0.530961 0.271490 0.017457 0.031680 1 0.4301 0.776790 0.464022 0.015366 0.040484 2 0.2504 0.508166 0.265030 0.016532 0.031778 2 0.1065 0.861423 0.645505 0.028129 0.073606
CCTV02^20260511-140000-20260511-142440_002868,10 0.9240 0.348492 0.403748 0.046165 0.132609 3 0.8982 0.469175 0.558746 0.036141 0.067185 9 0.8802 0.510935 0.292018 0.035897 0.053932 2 0.8768 0.160434 0.686346 0.043842 0.080247 2 0.8666 0.957349 0.708155 0.052652 0.095622 3 0.8642 0.588656 0.414785 0.033311 0.048144 3 0.8444 0.318452 0.312092 0.022062 0.035973 9 0.8131 0.407223 0.432447 0.033649 0.069834 5 0.8015 0.636216 0.346833 0.032697 0.056423 2 0.7866 0.394502 0.347727 0.019437 0.040246 2 0.7820 0.702582 0.432466 0.028634 0.047310 2 0.7656 0.314372 0.389721 0.018961 0.048584 1 0.7532 0.600124 0.372360 0.014381 0.040829 0 0.6611 0.300299 0.541849 0.025753 0.068325 2 0.6262 0.300691 0.543840 0.028648 0.071412 2 0.5517 0.918016 0.580420 0.037449 0.076782 2 0.3512 0.990776 0.806141 0.018447 0.087589 3 0.3273 0.991001 0.801273 0.017998 0.082482 2 0.3120 0.850436 0.544829 0.041959 0.065853 3 0.2985 0.338013 0.914792 0.079887 0.152284 2 0.2564 0.338014 0.914212 0.080981 0.152524 5 0.2450 0.334952 0.915975 0.079973 0.158113 4 0.2304 0.334747 0.916287 0.081422 0.158182 12 0.1536 0.851103 0.545671 0.039810 0.062467 7 0.1454 0.336748 0.917443 0.078670 0.155466 0 0.1304 0.333783 0.916164 0.064954 0.152505
CCTV02^20260511-140000-20260511-142440_002872,10 0.9195 0.348638 0.403652 0.046012 0.133170 10 0.9040 0.611845 0.507185 0.091235 0.196227 3 0.8863 0.524412 0.358247 0.027761 0.055878 2 0.8856 0.160326 0.685575 0.043217 0.080110 2 0.8522 0.958757 0.707200 0.049010 0.091405 2 0.8327 0.268689 0.581595 0.031356 0.074412 3 0.8247 0.319173 0.312141 0.021496 0.035371 5 0.8067 0.636219 0.347777 0.033412 0.059219 2 0.8042 0.883508 0.525892 0.027998 0.063571 2 0.7765 0.314220 0.389879 0.019794 0.050839 2 0.7610 0.702443 0.430356 0.027805 0.049458 2 0.6605 0.791538 0.459193 0.024441 0.052958 3 0.5006 0.992206 0.805524 0.015588 0.078377 2 0.4896 0.992731 0.809623 0.014539 0.085040 2 0.2873 0.828020 0.468390 0.028483 0.062055 3 0.2746 0.021200 0.786306 0.041427 0.071561
CCTV02^20260511-140000-20260511-142440_002876,10 0.9229 0.348298 0.404190 0.045614 0.132073 2 0.8834 0.160178 0.685371 0.042913 0.078860 2 0.8676 0.956551 0.707224 0.049383 0.086057 10 0.8461 0.570428 0.325855 0.063684 0.104102 3 0.8421 0.319073 0.312365 0.022412 0.037396 2 0.8395 0.269996 0.584548 0.034377 0.072057 2 0.8385 0.908760 0.653547 0.042212 0.087537 2 0.8195 0.392241 0.439192 0.025630 0.049055 2 0.8172 0.881621 0.530224 0.028499 0.054472 5 0.7886 0.635943 0.346498 0.032556 0.057005 2 0.7883 0.702877 0.430873 0.029032 0.051765 2 0.7819 0.314034 0.389029 0.018777 0.047835 3 0.6234 0.991991 0.803784 0.016017 0.080742 0 0.6029 0.803426 0.507708 0.022004 0.058777 2 0.5906 0.802910 0.505214 0.020810 0.058972 2 0.5349 0.993055 0.808208 0.013842 0.082970 3 0.4532 0.416606 0.290836 0.020051 0.033768
CCTV02^20260511-140000-20260511-142440_002880,9 0.9783 0.466109 0.409870 0.036453 0.089122 10 0.9257 0.348171 0.403378 0.044811 0.132650 3 0.8792 0.420865 0.389262 0.025314 0.044212 2 0.8488 0.160294 0.681597 0.043031 0.069884 3 0.8486 0.318995 0.312699 0.022627 0.037284 3 0.8349 0.181108 0.749632 0.099617 0.095199 10 0.8301 0.336488 0.843906 0.176159 0.312187 5 0.8137 0.636249 0.348137 0.033633 0.059413 2 0.8057 0.386321 0.368784 0.021579 0.046007 2 0.7637 0.908939 0.652078 0.044975 0.090113 2 0.7588 0.314226 0.389055 0.018795 0.047347 2 0.7139 0.781531 0.462901 0.039288 0.059244 3 0.6891 0.991929 0.803209 0.016142 0.078011 2 0.5622 0.979137 0.683856 0.040738 0.095207 2 0.4724 0.918144 0.578366 0.038359 0.070981 2 0.2878 0.810436 0.464220 0.028547 0.054257 2 0.2519 0.992493 0.806349 0.015014 0.083794
CCTV02^20260511-140000-20260511-142440_002884,10 0.9216 0.348396 0.403318 0.045862 0.133250 4 0.8918 0.412325 0.400320 0.028392 0.060416 10 0.8870 0.680794 0.701799 0.134207 0.318555 2 0.8740 0.160330 0.686048 0.042867 0.079349 3 0.8422 0.318987 0.312211 0.022219 0.037214 2 0.8301 0.215974 0.689759 0.054202 0.075541 5 0.8042 0.636167 0.348202 0.032750 0.059120 0 0.7956 0.324557 0.665135 0.035559 0.089948 2 0.7711 0.314065 0.389677 0.019522 0.048315 2 0.7389 0.793300 0.468283 0.029380 0.058783 2 0.6531 0.918483 0.582335 0.038202 0.077924 3 0.6173 0.991883 0.804036 0.016233 0.075351 0 0.5589 0.875010 0.698941 0.038421 0.071238 1 0.4873 0.985587 0.921884 0.028618 0.118787 2 0.3802 0.977869 0.682740 0.043614 0.099221 2 0.3069 0.992611 0.806783 0.014778 0.081764 2 0.1658 0.987522 0.903766 0.024679 0.081526 3 0.1372 0.987672 0.901373 0.024656 0.080455 5 0.1088 0.420671 0.260219 0.020480 0.038665
CCTV02^20260511-140000-20260511-142440_002888,3 0.9209 0.601621 0.578082 0.050191 0.081743 10 0.9177 0.348536 0.404355 0.046516 0.133885 10 0.9039 0.710307 0.704089 0.145061 0.318033 2 0.8948 0.160421 0.685344 0.043404 0.079438 3 0.8788 0.530967 0.365568 0.030101 0.046906 3 0.8767 0.579722 0.484319 0.036568 0.067383 3 0.8326 0.319032 0.311964 0.021989 0.036449 2 0.8213 0.356928 0.586853 0.031839 0.071863 5 0.8168 0.635716 0.346383 0.033250 0.057212 2 0.7626 0.314268 0.389614 0.018823 0.049030 0 0.6802 0.754909 0.467126 0.023108 0.056885 3 0.5700 0.992292 0.804630 0.015415 0.078359 2 0.5100 0.918348 0.582391 0.038237 0.077995 2 0.3842 0.992969 0.807988 0.014056 0.083444 2 0.3611 0.978180 0.681172 0.040613 0.091020 2 0.2342 0.380858 0.292559 0.017100 0.042582 2 0.1467 0.525995 0.262955 0.018801 0.034086
CCTV02^20260511-140000-20260511-142440_002892,10 0.9256 0.348707 0.403262 0.044725 0.133278 3 0.8913 0.445819 0.551665 0.034544 0.068536 3 0.8887 0.536699 0.405399 0.033076 0.058513 2 0.8791 0.160599 0.683661 0.042582 0.074683 3 0.8637 0.500352 0.315171 0.027275 0.049354 3 0.8269 0.318852 0.312710 0.021278 0.035175 2 0.8245 0.710506 0.447668 0.028181 0.054935 5 0.7977 0.636287 0.348279 0.033080 0.058964 2 0.7909 0.388536 0.368713 0.018238 0.041271 2 0.7835 0.918161 0.582544 0.039062 0.076629 2 0.7783 0.403577 0.398381 0.019197 0.044113 2 0.7711 0.314615 0.387968 0.018088 0.047057 5 0.7531 0.456371 0.384521 0.025993 0.054808 10 0.7511 0.424881 0.298598 0.033667 0.074937 2 0.7432 0.755447 0.464482 0.023237 0.053911 2 0.7253 0.814237 0.471995 0.024917 0.057170 2 0.7204 0.784782 0.467605 0.023332 0.053947 3 0.6549 0.991808 0.806215 0.016384 0.079267 4 0.5926 0.622257 0.474076 0.062443 0.117141 2 0.5076 0.992202 0.808782 0.015596 0.081546 2 0.4597 0.977989 0.682328 0.043591 0.100455 3 0.4322 0.099367 0.750458 0.111645 0.095976 2 0.3956 0.456222 0.386701 0.026995 0.061350 1 0.1319 0.991348 0.806806 0.017238 0.081037 6 0.1084 0.623125 0.473282 0.064208 0.116322
CCTV02^20260511-140000-20260511-142440_002896,10 0.9278 0.348310 0.402936 0.044815 0.131855 2 0.8841 0.160351 0.685792 0.043321 0.078291 3 0.8789 0.436926 0.392412 0.025429 0.044174 3 0.8405 0.318817 0.312964 0.022383 0.035883 2 0.8277 0.922633 0.674473 0.034059 0.080709 2 0.8224 0.919416 0.768835 0.048485 0.108695 2 0.8088 0.596572 0.361586 0.021346 0.044857 2 0.7910 0.822523 0.508138 0.026597 0.060425 2 0.7878 0.314355 0.389262 0.018030 0.049923 5 0.7867 0.635818 0.346839 0.033192 0.056531 2 0.7665 0.391372 0.398368 0.021606 0.047166 0 0.7506 0.325303 0.622503 0.032167 0.081751 2 0.6089 0.767379 0.481875 0.047873 0.065932 3 0.5903 0.992030 0.804217 0.015941 0.080408 2 0.5112 0.977872 0.682121 0.043093 0.096270 4 0.4297 0.767566 0.482220 0.047955 0.066525 2 0.2991 0.992580 0.808230 0.014841 0.085071 2 0.2767 0.859203 0.584146 0.032607 0.079983 4 0.2275 0.324891 0.624556 0.029693 0.081528 2 0.2104 0.752099 0.455281 0.019140 0.044932 2 0.1526 0.917833 0.579851 0.038411 0.076837 9 0.1492 0.767013 0.484912 0.046279 0.060088 3 0.1301 0.858296 0.584735 0.035270 0.079433 3 0.1243 0.413729 0.296403 0.022324 0.037722 2 0.1201 0.413797 0.297047 0.022173 0.039098
CCTV07^20260116-060000-20260116-065959_003584,12 0.9344 0.140912 0.765355 0.054357 0.179055 12 0.8608 0.128656 0.649070 0.032486 0.062832 3 0.8111 0.632979 0.747152 0.059563 0.065565 12 0.8083 0.292133 0.468832 0.025112 0.045243 3 0.7891 0.405963 0.553149 0.026360 0.036758 5 0.6872 0.783729 0.847434 0.128941 0.117825 11 0.3297 0.292926 0.470605 0.022836 0.046592
CCTV07^20260116-060000-20260116-065959_003588,12 0.9337 0.140981 0.764812 0.053776 0.179752 12 0.8588 0.128680 0.649225 0.032293 0.061893 12 0.8586 0.255751 0.554083 0.020856 0.042315 7 0.4699 0.256879 0.553103 0.021133 0.043655 12 0.4045 0.628301 0.739760 0.127622 0.178337
CCTV07^20260116-060000-20260116-065959_003592,12 0.9361 0.141039 0.764927 0.053652 0.179118 12 0.8679 0.128728 0.649344 0.032529 0.062201 3 0.7708 0.413175 0.556568 0.025837 0.035455 5 0.7560 0.376112 0.550345 0.025314 0.038233 10 0.1861 0.492377 0.780655 0.108626 0.184273 5 0.1727 0.412453 0.554924 0.028521 0.038120
CCTV07^20260116-060000-20260116-065959_003596,12 0.9362 0.140879 0.764734 0.053984 0.179263 12 0.8696 0.211412 0.466357 0.020249 0.041091 12 0.8606 0.128658 0.649158 0.032049 0.062262 3 0.2684 0.320946 0.502233 0.020668 0.031695 5 0.2072 0.320456 0.505108 0.021937 0.033962 10 0.1484 0.263926 0.437081 0.021034 0.028788 3 0.1081 0.231881 0.476919 0.012741 0.015094
CCTV07^20260116-060000-20260116-065959_003600,12 0.9342 0.140865 0.765046 0.053803 0.180410 3 0.8937 0.496481 0.653096 0.039485 0.049625 10 0.8655 0.653844 0.694973 0.101688 0.139667 12 0.8523 0.128593 0.649227 0.032482 0.061971 11 0.8502 0.228518 0.489467 0.029908 0.057410 10 0.2979 0.446290 0.525661 0.034499 0.053186
CCTV07^20260116-060000-20260116-065959_003604,12 0.9363 0.140861 0.765147 0.054203 0.179946 12 0.8923 0.311827 0.564605 0.042306 0.082938 3 0.8771 0.345396 0.712679 0.036954 0.052994 12 0.8646 0.128690 0.649443 0.032462 0.061637 11 0.8067 0.205782 0.452365 0.016134 0.032918 2 0.6655 0.169254 0.535105 0.012939 0.024206 2 0.2291 0.427100 0.585070 0.026278 0.043085 11 0.2280 0.417968 0.545956 0.042515 0.050255 11 0.2117 0.181811 0.416898 0.013418 0.033433 9 0.1593 0.417598 0.546134 0.042054 0.047369 9 0.1073 0.427495 0.583635 0.027691 0.045496
CCTV07^20260116-060000-20260116-065959_003608,12 0.9360 0.140731 0.764840 0.054137 0.179812 3 0.8630 0.355327 0.652163 0.031465 0.040552 12 0.8572 0.128810 0.649131 0.032167 0.062241 5 0.8022 0.320441 0.603091 0.027633 0.039597 9 0.6082 0.315052 0.657074 0.040393 0.064960 11 0.5302 0.316303 0.659800 0.038609 0.068006 9 0.3967 0.625248 0.751657 0.088741 0.111437 11 0.2503 0.624939 0.746239 0.085309 0.110411 12 0.1696 0.206056 0.461001 0.013619 0.026038 12 0.1441 0.200644 0.423051 0.016258 0.035393
CCTV07^20260116-060000-20260116-065959_003612,12 0.9345 0.140789 0.765069 0.054305 0.179890 12 0.8587 0.128740 0.649239 0.032412 0.061870 3 0.7817 0.254847 0.552046 0.019353 0.027504 11 0.7623 0.279320 0.540082 0.026694 0.042137 2 0.4093 0.157478 0.483351 0.011227 0.019567 4 0.1552 0.279959 0.546543 0.023938 0.031834
CCTV07^20260116-060000-20260116-065959_003627,12 0.9322 0.140832 0.765036 0.054216 0.179930 12 0.8582 0.128646 0.649418 0.032092 0.061675 11 0.1171 0.202658 0.466306 0.012830 0.023888
CCTV07^20260116-060000-20260116-065959_003631,12 0.9367 0.141025 0.765072 0.054245 0.180268 12 0.9155 0.275227 0.565127 0.041490 0.072198 12 0.8664 0.128788 0.649226 0.031736 0.061847 5 0.8148 0.571718 0.720864 0.053463 0.069722 3 0.7275 0.572659 0.720681 0.053746 0.071671 0 0.7067 0.200302 0.707594 0.021122 0.054946 2 0.6891 0.200809 0.705013 0.020838 0.058192 10 0.6155 0.408701 0.773893 0.115041 0.183889 3 0.1423 0.350404 0.508406 0.015336 0.025310 5 0.1126 0.438751 0.742430 0.051163 0.091986
CCTV07^20260116-060000-20260116-065959_003635,12 0.9363 0.140946 0.764680 0.054135 0.180130 11 0.9093 0.254809 0.545518 0.032917 0.061031 12 0.8831 0.192775 0.435251 0.020471 0.042008 12 0.8639 0.128936 0.649540 0.031921 0.060736 1 0.5659 0.277740 0.543500 0.009570 0.017839 1 0.3195 0.221734 0.468470 0.007167 0.014484 2 0.1920 0.158122 0.483609 0.010496 0.018671
CCTV07^20260116-060000-20260116-065959_003639,12 0.9809 0.307424 0.631282 0.047828 0.096339 12 0.9374 0.140822 0.764844 0.054134 0.179927 11 0.8707 0.405828 0.698755 0.048781 0.074841 12 0.8672 0.128813 0.649582 0.031869 0.061197 0 0.6093 0.611460 0.618838 0.030217 0.046881 0 0.4337 0.178753 0.499766 0.008689 0.017817 1 0.2454 0.314187 0.485608 0.008981 0.014929 2 0.2402 0.611404 0.617998 0.027448 0.047225
CCTV07^20260116-060000-20260116-065959_003688,12 0.9376 0.140912 0.764542 0.054630 0.180802 11 0.8745 0.305110 0.553537 0.033934 0.070563 12 0.8671 0.128808 0.649855 0.030787 0.057807 12 0.7946 0.155021 0.447420 0.013928 0.032394 3 0.2212 0.218970 0.487848 0.013515 0.016868 12 0.1862 0.550094 0.921833 0.173585 0.152769
CCTV07^20260116-060000-20260116-065959_003692,12 0.9496 0.321779 0.662733 0.048911 0.097201 12 0.9362 0.140948 0.764928 0.054460 0.180713 12 0.9035 0.217927 0.480874 0.021983 0.045975 9 0.8997 0.415583 0.586176 0.042064 0.047666 12 0.8807 0.491894 0.776104 0.111922 0.188482 12 0.8495 0.128915 0.650030 0.030552 0.058092 1 0.7971 0.366467 0.694617 0.015876 0.029622 2 0.5389 0.162370 0.514147 0.013295 0.023116 11 0.3814 0.202120 0.428162 0.012308 0.027384 9 0.2432 0.494065 0.775317 0.111726 0.178865
CCTV07^20260116-060000-20260116-065959_003696,12 0.9424 0.234247 0.467830 0.020774 0.042662 12 0.9360 0.141099 0.764941 0.054453 0.181366 3 0.8540 0.432767 0.571533 0.028345 0.038521 12 0.8453 0.128915 0.650201 0.029904 0.057193 12 0.7582 0.201830 0.457849 0.017195 0.030325 2 0.6733 0.167977 0.535936 0.011507 0.022921 12 0.2466 0.182519 0.419150 0.013962 0.026899 3 0.2046 0.163048 0.462418 0.009956 0.021321
CCTV07^20260116-060000-20260116-065959_003700,12 0.9373 0.140879 0.764714 0.054197 0.180903 12 0.8584 0.128984 0.650105 0.029664 0.057586 2 0.7724 0.187852 0.678544 0.020880 0.047624 7 0.5812 0.222445 0.672940 0.029678 0.067269 12 0.5723 0.223481 0.670384 0.027091 0.069399 9 0.3010 0.223490 0.670811 0.027475 0.067365 2 0.2224 0.198888 0.571747 0.011810 0.026182 4 0.2042 0.360432 0.477292 0.020412 0.025753 3 0.1658 0.287888 0.472060 0.015633 0.019270 2 0.1077 0.153946 0.448579 0.007166 0.014785
CCTV07^20260116-060000-20260116-065959_003704,12 0.9396 0.141016 0.764656 0.054132 0.180476 12 0.8501 0.128862 0.650393 0.029792 0.056407 1 0.7119 0.637903 0.745860 0.025436 0.035652
CCTV07^20260116-060000-20260116-065959_003708,12 0.9369 0.140970 0.764722 0.054336 0.180339 12 0.8427 0.128678 0.650185 0.029832 0.057245 2 0.7581 0.577252 0.622619 0.023403 0.042227 1 0.1970 0.313124 0.482672 0.007369 0.013452 2 0.1659 0.159730 0.486318 0.008694 0.017359
CCTV07^20260116-060000-20260116-065959_003712,12 0.9361 0.140861 0.764835 0.054342 0.180676 12 0.8457 0.128625 0.650437 0.029480 0.056458 1 0.7274 0.405490 0.556958 0.012871 0.020917
CCTV07^20260116-060000-20260116-065959_003716,12 0.9479 0.296766 0.547828 0.038990 0.073344 12 0.9365 0.140931 0.764824 0.054081 0.180602 12 0.8477 0.128866 0.650200 0.029539 0.056759 3 0.8078 0.397164 0.563685 0.026525 0.033707 2 0.6969 0.169963 0.548890 0.014537 0.025465 3 0.5421 0.320697 0.491099 0.021216 0.026224 2 0.3106 0.680288 0.765339 0.058445 0.073917 4 0.2802 0.681030 0.764405 0.059013 0.075988 5 0.1635 0.680373 0.765341 0.058501 0.074419
CCTV07^20260116-060000-20260116-065959_003720,12 0.9391 0.140919 0.764818 0.053978 0.180714 12 0.8466 0.128725 0.650481 0.029556 0.056617 0 0.5465 0.181700 0.651888 0.019602 0.043477 2 0.5256 0.181230 0.653548 0.018711 0.045933 12 0.2871 0.196604 0.450785 0.017469 0.025600 5 0.2814 0.223789 0.466653 0.012230 0.018675
CCTV07^20260116-060000-20260116-065959_003724,12 0.9369 0.141001 0.764671 0.054176 0.180676 12 0.9043 0.282825 0.450417 0.020177 0.034750 12 0.8458 0.128978 0.650529 0.029332 0.055860 3 0.8142 0.249684 0.502678 0.016410 0.020381 1 0.6430 0.384770 0.539608 0.009173 0.017601 5 0.4200 0.214653 0.481088 0.013975 0.022237 1 0.3629 0.230265 0.513745 0.007588 0.013923 2 0.2346 0.215433 0.480646 0.012349 0.022634 11 0.2242 0.380702 0.739360 0.065588 0.148398 2 0.1304 0.157826 0.483059 0.008928 0.017368 5 0.1014 0.219937 0.461470 0.010878 0.018079
CCTV07^20260116-060000-20260116-065959_003728,12 0.9487 0.488377 0.592745 0.062584 0.094207 12 0.9358 0.140981 0.764686 0.054280 0.181032 12 0.8459 0.128700 0.650459 0.029468 0.056167 2 0.6179 0.171699 0.568909 0.013806 0.027491 3 0.5454 0.300315 0.479196 0.016073 0.022860 11 0.5034 0.195321 0.443316 0.013967 0.031330 1 0.4873 0.460209 0.615926 0.019069 0.033051 3 0.2962 0.309862 0.475179 0.011456 0.020013 5 0.1557 0.300232 0.480126 0.016318 0.022622 2 0.1294 0.311327 0.474647 0.010478 0.017823
CCTV07^20260116-060000-20260116-065959_003732,12 0.9364 0.141065 0.764498 0.054064 0.181045 12 0.8432 0.128752 0.650438 0.029267 0.055877 1 0.1032 0.554650 0.631494 0.020453 0.037289
CCTV07^20260116-060000-20260116-065959_003736,12 0.9382 0.140865 0.764835 0.054029 0.180820 9 0.8891 0.627530 0.716980 0.064013 0.082469 12 0.8486 0.128743 0.650648 0.029348 0.055333 1 0.8032 0.311134 0.725866 0.014421 0.032174 1 0.5052 0.198027 0.673645 0.014716 0.044061 9 0.4967 0.496809 0.807852 0.089257 0.119538 7 0.3901 0.626668 0.716731 0.061871 0.070964 2 0.2065 0.400802 0.500502 0.013830 0.022832 12 0.1620 0.626666 0.718216 0.062107 0.072619 1 0.1129 0.239574 0.516474 0.008970 0.015805
CCTV07^20260116-060000-20260116-065959_003740,12 0.9383 0.140861 0.764497 0.054304 0.180884 5 0.8722 0.388763 0.740378 0.047163 0.056258 12 0.8449 0.128725 0.650468 0.029478 0.056316 1 0.8173 0.311108 0.726231 0.014880 0.031654 2 0.7881 0.774299 0.713175 0.039946 0.058938 11 0.3352 0.217012 0.451868 0.016229 0.023999 2 0.1572 0.172161 0.475189 0.008150 0.018866 0 0.1081 0.172162 0.475871 0.008428 0.019496
CCTV07^20260116-060000-20260116-065959_003744,12 0.9338 0.141420 0.757285 0.052521 0.173531 10 0.8973 0.262797 0.545300 0.039871 0.068108 12 0.8533 0.128545 0.648065 0.028618 0.054047 1 0.7933 0.311124 0.726687 0.014477 0.031081 9 0.7096 0.552458 0.679218 0.080186 0.120131 2 0.6442 0.200321 0.573536 0.013856 0.030167 3 0.3450 0.217121 0.458723 0.010572 0.015790 4 0.2181 0.551616 0.680763 0.080870 0.117032
CCTV07^20260116-060000-20260116-065959_003748,12 0.9465 0.142970 0.730259 0.060906 0.156830 12 0.8427 0.127316 0.638745 0.026946 0.038438 1 0.8127 0.311011 0.726477 0.015268 0.031578 11 0.6824 0.210391 0.440397 0.016655 0.031443 9 0.4466 0.331817 0.673314 0.032973 0.079180 12 0.4229 0.332934 0.673637 0.033651 0.076668 7 0.4030 0.332972 0.673614 0.033106 0.077277 5 0.3498 0.211803 0.477193 0.013371 0.021717 3 0.2329 0.271798 0.452962 0.012994 0.015956 12 0.1737 0.210040 0.440018 0.015479 0.030025
CCTV07^20260116-060000-20260116-065959_003752,12 0.9473 0.142779 0.723011 0.068342 0.149819 12 0.8181 0.126841 0.636874 0.029928 0.035242 1 0.7965 0.311147 0.727137 0.014533 0.031073 2 0.6103 0.164656 0.523800 0.012197 0.022270 3 0.5936 0.229356 0.476864 0.012206 0.017527 2 0.3566 0.401421 0.500713 0.014681 0.023245 4 0.1832 0.724753 0.705240 0.049793 0.064404
CCTV07^20260116-060000-20260116-065959_003756,12 0.9582 0.206592 0.787705 0.062146 0.167831 12 0.9435 0.133715 0.698620 0.093937 0.129438 1 0.8113 0.310310 0.724559 0.014462 0.029853 10 0.7093 0.297102 0.570028 0.048269 0.087313 3 0.6736 0.264549 0.521655 0.016462 0.022055 1 0.5938 0.235650 0.534935 0.008534 0.015778 2 0.5868 0.167496 0.504349 0.010263 0.023106 2 0.4351 0.947375 0.805443 0.056792 0.072357 4 0.3884 0.365292 0.491450 0.020667 0.025154
CCTV07^20260116-060000-20260116-065959_003760,12 0.9459 0.204342 0.781847 0.061384 0.161663 12 0.9420 0.127198 0.694496 0.095214 0.125100 12 0.9208 0.142031 0.848817 0.081905 0.200729 12 0.8800 0.203954 0.652442 0.029990 0.061723 11 0.8776 0.247719 0.490203 0.020630 0.044039 12 0.8463 0.215318 0.475252 0.022951 0.042848 2 0.6097 0.843929 0.752204 0.067698 0.084111 1 0.5119 0.217254 0.519015 0.008201 0.015305 9 0.2431 0.204099 0.650924 0.031028 0.061344 7 0.1130 0.203866 0.650742 0.031225 0.062521
CCTV07^20260116-060000-20260116-065959_003764,12 0.9500 0.205191 0.781478 0.060247 0.165556 12 0.9292 0.136985 0.791792 0.060543 0.170999 12 0.8792 0.149208 0.695477 0.113752 0.121623 3 0.8247 0.253738 0.546413 0.020124 0.025607 5 0.7833 0.336433 0.500234 0.021278 0.029778 2 0.6713 0.820001 0.745692 0.044835 0.065385 5 0.6590 0.781399 0.843451 0.083911 0.099479 3 0.6269 0.780457 0.841216 0.084855 0.092254 2 0.5577 0.159702 0.492275 0.012460 0.028775 5 0.5457 0.368684 0.550940 0.027045 0.032264 3 0.4478 0.369648 0.549413 0.023713 0.028389 2 0.2400 0.368681 0.550799 0.027436 0.032324
CCTV10^20251112-170000-20251112-175959_004127,12 0.8616 0.356253 0.713552 0.079553 0.125676 9 0.7996 0.357120 0.710988 0.080548 0.128047 11 0.7537 0.828931 0.664053 0.079041 0.108958 2 0.5870 0.107915 0.711367 0.034306 0.065451 5 0.3005 0.332169 0.616150 0.029451 0.049875 3 0.2750 0.332301 0.616637 0.030199 0.049696
CCTV10^20251112-170000-20251112-175959_004130,11 0.7443 0.829238 0.662788 0.077478 0.103952 1 0.7317 0.842163 0.748334 0.029866 0.062220 3 0.6973 0.590229 0.932427 0.077651 0.112878 2 0.4365 0.123341 0.666464 0.024343 0.050603
CCTV10^20251112-170000-20251112-175959_004134,7 0.8873 0.108521 0.745141 0.042454 0.081373 10 0.8770 0.465479 0.834002 0.145305 0.233849 2 0.7757 0.195391 0.945616 0.051641 0.089843 11 0.7728 0.829177 0.663640 0.077840 0.106053 0 0.7598 0.166948 0.808542 0.038478 0.065643 2 0.7443 0.105243 0.804928 0.034994 0.068609 2 0.6923 0.140153 0.828106 0.031783 0.064233 2 0.4701 0.136629 0.879694 0.040973 0.080283 1 0.1205 0.178629 0.896808 0.026804 0.051816 2 0.1039 0.138444 0.655633 0.022502 0.045014 0 0.1002 0.136753 0.882168 0.035312 0.075290
CCTV10^20251112-170000-20251112-175959_004138,2 0.7825 0.124428 0.721367 0.029658 0.060828 11 0.7575 0.829289 0.663790 0.078205 0.105809 3 0.7239 0.840779 0.838194 0.080533 0.116705 3 0.6358 0.397710 0.637586 0.031781 0.046315 5 0.5495 0.838912 0.834543 0.089062 0.118980 5 0.2933 0.397166 0.638257 0.032081 0.044766
CCTV10^20251112-170000-20251112-175959_004142,10 0.8536 0.707368 0.640581 0.076917 0.118110 5 0.8440 0.668306 0.946712 0.089190 0.106576 2 0.7870 0.156038 0.852570 0.046959 0.075648 2 0.7606 0.115134 0.759494 0.030320 0.054453 11 0.7442 0.829703 0.664727 0.075348 0.109800 2 0.7350 0.107829 0.814888 0.031149 0.072748 7 0.6365 0.978628 0.705862 0.042745 0.092077 2 0.5620 0.123327 0.709819 0.029084 0.059778 0 0.1897 0.107996 0.817327 0.031063 0.072660 0 0.1405 0.094188 0.717470 0.024873 0.057118
CCTV10^20251112-170000-20251112-175959_004146,10 0.8799 0.454407 0.770330 0.119202 0.187045 0 0.7955 0.169305 0.918200 0.048907 0.091277 1 0.7831 0.113850 0.741317 0.020268 0.058872 11 0.7582 0.829397 0.662260 0.076838 0.104362 3 0.7168 0.607498 0.647473 0.051310 0.058617 1 0.6529 0.801016 0.701639 0.025152 0.050684 2 0.4818 0.130514 0.720245 0.025422 0.059047 2 0.3170 0.972064 0.703509 0.032424 0.054754 2 0.1119 0.113543 0.741210 0.021343 0.057652
CCTV10^20251112-170000-20251112-175959_004150,3 0.7987 0.810810 0.774555 0.062632 0.086331 1 0.7369 0.379721 0.661785 0.026035 0.052518 11 0.7278 0.829987 0.663110 0.079239 0.103952 2 0.6722 0.126975 0.782567 0.046376 0.076416 3 0.6221 0.595473 0.594473 0.047737 0.051343 1 0.5644 0.250733 0.695222 0.027182 0.050768 1 0.5073 0.401838 0.914669 0.033817 0.057846 5 0.3440 0.593485 0.594552 0.040974 0.047129 0 0.1925 0.399961 0.906977 0.021666 0.056406
CCTV10^20251112-170000-20251112-175959_004153,10 0.8911 0.392422 0.622334 0.051806 0.093593 5 0.8754 0.596486 0.592699 0.049935 0.057175 1 0.8456 0.143204 0.852771 0.035343 0.063084 2 0.7747 0.116930 0.772331 0.034562 0.065594 11 0.7548 0.828595 0.663641 0.078127 0.108128 3 0.4160 0.563680 0.660983 0.042576 0.057045
CCTV10^20251112-170000-20251112-175959_004157,0 0.8434 0.202704 0.864881 0.041048 0.074467 3 0.8276 0.854253 0.897301 0.086069 0.112007 2 0.8043 0.148708 0.797675 0.043270 0.080224 11 0.7592 0.829049 0.663946 0.077820 0.106989 0 0.6219 0.253389 0.920952 0.044040 0.118546 4 0.5022 0.558170 0.661106 0.049767 0.088315 4 0.2110 0.952634 0.677882 0.050033 0.070980 1 0.2086 0.627176 0.601094 0.043048 0.053921 7 0.1179 0.951622 0.677661 0.051159 0.069505
CCTV10^20251112-170000-20251112-175959_004161,5 0.8370 0.765457 0.759592 0.074255 0.095373 2 0.7773 0.131703 0.867055 0.045001 0.084399 11 0.7492 0.828964 0.663435 0.077859 0.105612 1 0.5671 0.250312 0.700595 0.023155 0.046874 3 0.5418 0.971950 0.701862 0.044572 0.061430 3 0.4883 0.433574 0.627493 0.031772 0.044830
CCTV10^20251112-170000-20251112-175959_004165,10 0.8439 0.688875 0.621882 0.068422 0.115042 2 0.7851 0.207723 0.869941 0.047035 0.095133 11 0.7471 0.828749 0.664303 0.076867 0.106810 5 0.6165 0.622369 0.593559 0.036668 0.054159 7 0.2254 0.987988 0.715927 0.023076 0.108652 12 0.1295 0.990534 0.717314 0.018760 0.110659 3 0.1139 0.623147 0.594514 0.035147 0.055281
CCTV10^20251112-170000-20251112-175959_004431,10 0.7409 0.866126 0.781353 0.145614 0.201906 1 0.6964 0.232523 0.691988 0.027066 0.047697 9 0.6453 0.300933 0.655168 0.047701 0.063192 6 0.2562 0.866441 0.785847 0.145265 0.201729 2 0.2233 0.946768 0.662735 0.031224 0.053825 1 0.1980 0.995028 0.907749 0.009943 0.086039 2 0.1055 0.995737 0.897844 0.008451 0.097577
CCTV10^20251112-170000-20251112-175959_004435,2 0.7879 0.134398 0.769687 0.038850 0.065873 1 0.6639 0.804193 0.690102 0.025881 0.053298 1 0.6326 0.403495 0.920472 0.037711 0.045647 1 0.6303 0.237585 0.694713 0.024799 0.045390 3 0.3507 0.962565 0.936122 0.074870 0.127756 5 0.2076 0.962169 0.936550 0.075485 0.126900 2 0.1432 0.970602 0.690287 0.033064 0.055822 0 0.1285 0.142495 0.681440 0.020267 0.058252 2 0.1092 0.142792 0.680365 0.019240 0.054342
CCTV10^20251112-170000-20251112-175959_004439,10 0.8673 0.297160 0.703553 0.093089 0.143372 2 0.7825 0.133559 0.869197 0.052385 0.091044 11 0.7218 0.226119 0.925506 0.121925 0.142236 0 0.6217 0.110970 0.695963 0.025608 0.060559 4 0.5256 0.649804 0.592744 0.047757 0.071025 11 0.1431 0.649381 0.593532 0.042375 0.062769 9 0.1101 0.649033 0.593855 0.041909 0.062612
CCTV10^20251112-170000-20251112-175959_004442,1 0.7557 0.121651 0.793552 0.024879 0.054328 2 0.6573 0.127786 0.727264 0.033574 0.059341 0 0.6462 0.097824 0.715190 0.023096 0.057733 9 0.3231 0.966350 0.898620 0.067300 0.185796 11 0.3066 0.966341 0.897055 0.067318 0.185158 4 0.2327 0.965995 0.886374 0.067871 0.165034 4 0.1490 0.126808 0.729101 0.030963 0.057090 2 0.1466 0.143577 0.660318 0.022447 0.043131 2 0.1190 0.927897 0.659610 0.030461 0.049193
CCTV10^20251112-170000-20251112-175959_004447,12 0.7680 0.390499 0.712765 0.087860 0.114882 2 0.7071 0.179300 0.952639 0.051078 0.083238 3 0.7061 0.797739 0.836715 0.095643 0.098027 1 0.6572 0.089380 0.764720 0.024396 0.052351 1 0.6461 0.803036 0.724889 0.028288 0.061242 4 0.6282 0.175697 0.833718 0.064559 0.099321 2 0.5701 0.118339 0.813921 0.034066 0.055737 1 0.5572 0.978677 0.708022 0.025970 0.055880 4 0.4775 0.126185 0.868313 0.040994 0.084779 3 0.4227 0.658033 0.941761 0.077271 0.096917 5 0.3952 0.118490 0.682552 0.038156 0.063008 7 0.2713 0.126108 0.866357 0.037852 0.082644 0 0.2654 0.089447 0.765568 0.024305 0.053438 9 0.2317 0.174972 0.835241 0.060453 0.098547 2 0.1973 0.125980 0.866209 0.038720 0.082905 3 0.1949 0.118383 0.817071 0.035985 0.062552 11 0.1921 0.393771 0.712575 0.084922 0.114988
CCTV10^20251112-170000-20251112-175959_004452,11 0.8470 0.457743 0.750585 0.078833 0.122310 1 0.7208 0.250208 0.713833 0.031164 0.046785 1 0.5747 0.300476 0.840966 0.031262 0.059760 3 0.5554 0.576452 0.608881 0.036772 0.052742 2 0.4986 0.132933 0.651411 0.024236 0.048385 12 0.2887 0.208213 0.547596 0.013922 0.027144 2 0.2412 0.006825 0.399025 0.013651 0.056067 3 0.1517 0.631414 0.594525 0.030255 0.044395 10 0.1280 0.564002 0.540715 0.040637 0.069259
CCTV10^20251112-170000-20251112-175959_004456,3 0.8286 0.595658 0.627208 0.049646 0.061829 10 0.7118 0.934047 0.867006 0.131905 0.262768 10 0.6321 0.499813 0.883865 0.180978 0.232271
CCTV10^20251112-170000-20251112-175959_004461,0 0.8128 0.170396 0.835084 0.036441 0.081001 0 0.8017 0.121630 0.851545 0.039140 0.075680 0 0.7275 0.132995 0.724298 0.022271 0.063557 1 0.6289 0.257715 0.939291 0.032040 0.081413 0 0.1678 0.111082 0.675357 0.019964 0.048652
CCTV10^20251112-170000-20251112-175959_004465,0 0.7537 0.143992 0.773556 0.026799 0.067307 2 0.7479 0.229359 0.899011 0.048618 0.090746 4 0.5686 0.104195 0.774919 0.040548 0.071483 1 0.4233 0.353847 0.834646 0.024555 0.057284 0 0.2977 0.136300 0.718890 0.018428 0.054094
CCTV10^20251112-170000-20251112-175959_004468,10 0.8902 0.363623 0.729250 0.102349 0.164492 2 0.4646 0.108350 0.694560 0.032605 0.069059 1 0.1327 0.954827 0.672961 0.022336 0.047604 0 0.1081 0.107927 0.694721 0.030951 0.064618
CCTV10^20251112-170000-20251112-175959_004476,1 0.7666 0.125292 0.868018 0.033546 0.061983 2 0.2502 0.137182 0.682911 0.020479 0.056050 0 0.1219 0.136662 0.683242 0.021333 0.057589
CCTV10^20251112-170000-20251112-175959_004480,2 0.6304 0.114148 0.693184 0.035054 0.065590
CCTV10^20251112-170000-20251112-175959_004484,10 0.9054 0.412329 0.670230 0.074044 0.136090 2 0.7794 0.163988 0.910255 0.062289 0.090471 2 0.4605 0.132250 0.710687 0.024537 0.056397 0 0.2161 0.132705 0.712364 0.022270 0.059912
CCTV10^20251112-170000-20251112-175959_004488,10 0.9081 0.338248 0.646829 0.062556 0.110731 3 0.8292 0.503178 0.714273 0.045409 0.064810 3 0.8178 0.436747 0.703083 0.045422 0.060143 1 0.7707 0.116360 0.712667 0.018399 0.050815 1 0.7228 0.264814 0.754175 0.026545 0.051561 1 0.4111 0.244923 0.705984 0.022990 0.041496 2 0.3254 0.125600 0.674588 0.019617 0.041338
CCTV10^20251112-170000-20251112-175959_004492,1 0.6976 0.212608 0.713009 0.022282 0.050255 5 0.6512 0.982475 0.714771 0.035051 0.079520 3 0.1982 0.427152 0.605112 0.025295 0.038343
CCTV10^20251112-170000-20251112-175959_004497,0 0.7669 0.100308 0.791275 0.028659 0.059499 0 0.6892 0.136796 0.768332 0.031140 0.064742 2 0.6667 0.089911 0.742638 0.028338 0.060729 0 0.5833 0.128139 0.854585 0.037440 0.076604 1 0.5188 0.945076 0.753304 0.019354 0.043716 2 0.3984 0.992703 0.716972 0.014593 0.057637 2 0.3744 0.128774 0.854174 0.037208 0.075789
CCTV10^20251112-170000-20251112-175959_004500,10 0.8549 0.630528 0.620883 0.066900 0.104767 3 0.8539 0.837367 0.870995 0.081725 0.090884 3 0.7724 0.849155 0.777676 0.087592 0.091734 1 0.7542 0.264306 0.754969 0.027646 0.061199 5 0.5405 0.849270 0.777521 0.083445 0.093400 2 0.2557 0.980143 0.709175 0.029702 0.059507 2 0.1067 0.006663 0.394219 0.013327 0.066432
CCTV10^20251112-170000-20251112-175959_004504,10 0.7484 0.821370 0.749190 0.124433 0.175347 2 0.6522 0.181201 0.952303 0.069221 0.087066 6 0.1558 0.819596 0.742537 0.123904 0.186503 11 0.1528 0.820098 0.741672 0.123917 0.186229
CCTV10^20251112-170000-20251112-175959_004509,0 0.8067 0.242660 0.911923 0.041877 0.090996 3 0.7947 0.579261 0.611584 0.042315 0.060722 2 0.6241 0.131274 0.711380 0.024616 0.053775 10 0.1878 0.988177 0.733820 0.023647 0.132901 2 0.1208 0.110318 0.684668 0.022972 0.052328
CCTV10^20251112-170000-20251112-175959_004513,1 0.7479 0.332859 0.788532 0.029343 0.050213 1 0.7397 0.296040 0.807888 0.028221 0.048708 2 0.2781 0.106635 0.715344 0.034500 0.067322 0 0.2335 0.106480 0.715242 0.035724 0.068736
CCTV10^20251112-170000-20251112-175959_004517,10 0.8840 0.468980 0.782769 0.107524 0.175024 3 0.7900 0.721640 0.741072 0.059014 0.072397 1 0.6210 0.849925 0.746789 0.028217 0.064420 1 0.5501 0.364607 0.844035 0.026932 0.054961 2 0.3934 0.144385 0.677151 0.020752 0.055032 10 0.2201 0.432905 0.593077 0.049364 0.099161
CCTV10^20251112-170000-20251112-175959_004521,10 0.9071 0.298331 0.678130 0.068992 0.117157 2 0.7893 0.117727 0.702398 0.034007 0.061420
CCTV10^20251112-170000-20251112-175959_004524,3 0.8285 0.781812 0.756165 0.059065 0.077420 0 0.7285 0.114869 0.718030 0.037188 0.066142 3 0.7150 0.660076 0.614776 0.030265 0.049065 2 0.6047 0.985216 0.716020 0.029568 0.055437
CCTV10^20251112-170000-20251112-175959_004528,10 0.9259 0.333353 0.656590 0.057559 0.114600 1 0.7167 0.358365 0.784086 0.028165 0.053543 1 0.7161 0.176460 0.922136 0.038502 0.070092 0 0.6299 0.115743 0.718317 0.036289 0.078132
CCTV10^20251112-170000-20251112-175959_004532,5 0.8453 0.639015 0.919451 0.090763 0.137449 10 0.7582 0.627310 0.565791 0.052304 0.083481 0 0.7348 0.145634 0.785729 0.032664 0.070093 1 0.7252 0.791455 0.651440 0.022467 0.043194 2 0.7055 0.096171 0.781770 0.033832 0.074488 3 0.7050 0.563196 0.954906 0.069624 0.087820 0 0.5301 0.096390 0.780056 0.032543 0.074736 2 0.3914 0.098331 0.726846 0.026285 0.051884 0 0.3052 0.133986 0.751679 0.022962 0.055972 5 0.1016 0.938483 0.670423 0.060563 0.073367
CCTV10^20251112-170000-20251112-175959_004536,6 0.8912 0.705283 0.615151 0.054078 0.080220 5 0.8668 0.876630 0.825405 0.106276 0.126422 1 0.6606 0.236758 0.695816 0.023177 0.043444 2 0.5592 0.137800 0.685819 0.021244 0.052092 1 0.4594 0.087119 0.810034 0.019124 0.050344 2 0.3895 0.182507 0.961970 0.051673 0.071939 2 0.2067 0.971512 0.695987 0.031937 0.057245
CCTV10^20251112-170000-20251112-175959_004540,2 0.6756 0.141464 0.782085 0.036261 0.070958 10 0.4379 0.580796 0.555524 0.047972 0.073440 3 0.1059 0.992605 0.726176 0.014791 0.055872 1 0.1036 0.992620 0.726508 0.014760 0.054927
CCTV10^20251112-170000-20251112-175959_004544,3 0.7902 0.594725 0.646449 0.050467 0.054444 3 0.5936 0.683965 0.631072 0.041481 0.054570 3 0.5100 0.559314 0.588096 0.031172 0.053426 4 0.3974 0.682658 0.630417 0.035811 0.051038
CCTV10^20251112-170000-20251112-175959_004548,0 0.7108 0.132671 0.717171 0.024287 0.061356
CCTV10^20251112-170000-20251112-175959_004551,10 0.7877 0.319156 0.786682 0.138052 0.172423 10 0.2559 0.729516 0.908100 0.130681 0.183800
CCTV10^20251112-170000-20251112-175959_004555,10 0.8488 0.567790 0.582351 0.052832 0.083853 10 0.8218 0.336359 0.696008 0.097688 0.122923 1 0.7281 0.176579 0.830943 0.030768 0.060190 0 0.6576 0.119347 0.833021 0.038494 0.080890 1 0.6277 0.273558 0.957963 0.034467 0.071582 1 0.3869 0.328497 0.885665 0.040460 0.068284 0 0.2902 0.122179 0.671066 0.022969 0.055485 0 0.1016 0.327670 0.884249 0.032244 0.060639
CCTV10^20251112-170000-20251112-175959_004559,1 0.8187 0.457670 0.659877 0.034936 0.043402 5 0.8146 0.493278 0.747245 0.058666 0.086970 1 0.7621 0.231729 0.683546 0.033807 0.046691 1 0.6868 0.372559 0.765487 0.026701 0.056498
CCTV10^20251112-170000-20251112-175959_004563,5 0.8464 0.631451 0.619715 0.051313 0.061987 2 0.7916 0.117996 0.817358 0.040565 0.075230 10 0.7603 0.288437 0.627013 0.069051 0.102684 0 0.6895 0.136534 0.686548 0.018988 0.057138 0 0.6113 0.174622 0.826861 0.038765 0.071641
CCTV10^20251112-170000-20251112-175959_004568,4 0.8509 0.410965 0.661476 0.043557 0.059167 2 0.6944 0.164311 0.925023 0.064529 0.098667 1 0.6874 0.138077 0.744386 0.017785 0.047053 1 0.3447 0.397585 0.936065 0.035985 0.066383
CCTV10^20251112-170000-20251112-175959_004572,1 0.6294 0.215836 0.661630 0.021274 0.049764 3 0.5445 0.831602 0.675579 0.043275 0.061321 2 0.2683 0.977377 0.696527 0.030025 0.051663
CCTV10^20251112-170000-20251112-175959_004575,3 0.8270 0.657099 0.688290 0.045288 0.060282 2 0.7750 0.132620 0.875997 0.046389 0.085236 3 0.5453 0.831547 0.676207 0.043265 0.061662 0 0.3526 0.132413 0.877440 0.047120 0.087196 2 0.1273 0.991815 0.755490 0.016371 0.075892
CCTV10^20251112-170000-20251112-175959_004579,1 0.6398 0.102673 0.727952 0.023249 0.055268 3 0.4508 0.831455 0.676034 0.043164 0.061774 2 0.1237 0.126467 0.670861 0.022876 0.068066
CCTV10^20251112-170000-20251112-175959_004583,2 0.6789 0.098143 0.773743 0.041813 0.079071 3 0.4837 0.831156 0.676347 0.041677 0.061690
CCTV10^20251112-170000-20251112-175959_004587,10 0.8950 0.674789 0.618867 0.069905 0.101741 5 0.8287 0.449623 0.742779 0.051918 0.076874 1 0.7085 0.122639 0.688499 0.018943 0.045398 2 0.6850 0.132680 0.729439 0.025934 0.062051 2 0.6649 0.274090 0.950061 0.054349 0.087264 2 0.4686 0.216125 0.960231 0.058163 0.078860 3 0.4206 0.831718 0.676260 0.043392 0.062441 3 0.4144 0.451732 0.742421 0.051558 0.078969
CCTV10^20251112-170000-20251112-175959_004591,3 0.7804 0.284512 0.661914 0.036650 0.048437 2 0.7554 0.130388 0.824164 0.041608 0.075086 1 0.5357 0.714436 0.611218 0.019747 0.043258 3 0.4402 0.831026 0.675684 0.041820 0.063238 2 0.3276 0.112649 0.696363 0.032261 0.074020
CCTV10^20251112-170000-20251112-175959_004595,6 0.6707 0.696431 0.588592 0.046326 0.065804 2 0.5687 0.184216 0.920731 0.054692 0.085771 3 0.5535 0.587365 0.614485 0.053247 0.067940 5 0.4835 0.587350 0.612616 0.053872 0.070364 3 0.4171 0.831319 0.676100 0.042406 0.061330 0 0.3300 0.184915 0.919255 0.052418 0.088318 5 0.1897 0.696112 0.588680 0.046749 0.066724
CCTV10^20251112-170000-20251112-175959_004599,2 0.7495 0.141162 0.763306 0.032110 0.059535 0 0.6805 0.104013 0.802550 0.033325 0.068292 0 0.6424 0.093939 0.752839 0.024364 0.057270 3 0.6007 0.591091 0.583758 0.033381 0.049916 2 0.5350 0.110034 0.761171 0.025117 0.050279 3 0.4079 0.830958 0.676013 0.042081 0.061977 0 0.2301 0.139454 0.691978 0.015299 0.047280 2 0.1446 0.131921 0.653777 0.019436 0.046307
CCTV10^20251112-170000-20251112-175959_004602,10 0.8951 0.691264 0.623525 0.077245 0.108600 4 0.8618 0.604638 0.634020 0.047214 0.058566 3 0.7904 0.406684 0.642737 0.039553 0.044686 2 0.7642 0.100563 0.762687 0.034809 0.066641 0 0.7057 0.145703 0.895289 0.043233 0.077882 3 0.4811 0.830861 0.675616 0.042024 0.062598 9 0.4440 0.593820 0.898192 0.092213 0.169079 12 0.3943 0.595411 0.901463 0.093449 0.165774
CCTV10^20251112-170000-20251112-175959_004606,10 0.8971 0.353619 0.699387 0.083592 0.136238 3 0.8552 0.482815 0.679459 0.035355 0.044253 3 0.8208 0.683186 0.703652 0.042593 0.063516 2 0.8129 0.231819 0.913437 0.047492 0.092801 2 0.7886 0.169444 0.835150 0.048363 0.077287 11 0.7751 0.444618 0.630184 0.039426 0.072153 0 0.6647 0.102893 0.711251 0.027947 0.064831 3 0.3412 0.831337 0.675715 0.040951 0.059951 2 0.1459 0.304501 0.974436 0.049858 0.051127
CCTV10^20251112-170000-20251112-175959_004610,0 0.7504 0.247182 0.929529 0.046281 0.099478 3 0.7285 0.668179 0.631801 0.035884 0.052978 3 0.3140 0.831422 0.676069 0.042145 0.060335
CCTV10^20251112-170000-20251112-175959_004614,0 0.7730 0.237528 0.912001 0.044071 0.090176 5 0.6700 0.709759 0.654200 0.043864 0.060541 3 0.5198 0.614521 0.599595 0.033601 0.046026 3 0.4520 0.831937 0.676661 0.042570 0.060161 4 0.2430 0.710310 0.652183 0.037710 0.060636
CCTV10^20251112-170000-20251112-175959_004618,10 0.8258 0.844558 0.762699 0.130361 0.187726 5 0.7054 0.126330 0.679071 0.030694 0.052418 2 0.1212 0.006628 0.398154 0.013256 0.052785
CCTV10^20251112-170000-20251112-175959_004622,5 0.8078 0.702695 0.722151 0.050464 0.077543 0 0.4474 0.127001 0.697962 0.025828 0.065694 3 0.3857 0.830931 0.675631 0.041678 0.062650 3 0.2687 0.719491 0.690060 0.045074 0.060647 2 0.2422 0.128595 0.697550 0.022981 0.062360 4 0.2030 0.720071 0.692362 0.044652 0.064692 1 0.1329 0.727185 0.616554 0.016526 0.040314 5 0.1039 0.719510 0.689584 0.044135 0.059844
CCTV10^20251112-170000-20251112-175959_004626,3 0.7091 0.681113 0.705942 0.050261 0.073006 2 0.6096 0.104787 0.689413 0.027807 0.057246 1 0.4623 0.851282 0.720535 0.019707 0.047099 10 0.3886 0.793739 0.733245 0.094628 0.136774 0 0.2945 0.187031 0.960954 0.046524 0.067800 4 0.2431 0.680896 0.706200 0.049353 0.072801
CCTV10^20251112-220000-20251112-225959_006480,12 0.8588 0.510380 0.822808 0.121005 0.174784 3 0.5790 0.196413 0.941647 0.068807 0.098786 5 0.5658 0.196111 0.942166 0.064337 0.103459 1 0.2222 0.230047 0.806962 0.019273 0.043242
CCTV10^20251112-220000-20251112-225959_006481,12 0.8529 0.394191 0.681076 0.064996 0.108234 5 0.6085 0.115098 0.720334 0.029910 0.059359 5 0.3206 0.345496 0.612957 0.014110 0.030961 1 0.3069 0.229723 0.807113 0.019182 0.045498 9 0.1994 0.395201 0.681587 0.068253 0.106832
CCTV10^20251112-220000-20251112-225959_006482,4 0.4721 0.431273 0.824885 0.053119 0.084787
CCTV10^20251112-220000-20251112-225959_006483,1 0.3106 0.739893 0.661432 0.018642 0.031664 5 0.2504 0.346064 0.612617 0.012513 0.026828 0 0.1465 0.338202 0.707071 0.040232 0.058036 0 0.1347 0.229629 0.805933 0.018514 0.044156 4 0.1007 0.340051 0.709831 0.042866 0.063478
CCTV10^20251112-220000-20251112-225959_006484,0 0.3845 0.286887 0.644117 0.028488 0.056994 1 0.2750 0.229273 0.805827 0.018205 0.043855 5 0.1744 0.346744 0.613233 0.012229 0.028265
CCTV10^20251112-220000-20251112-225959_006485,3 0.5953 0.740464 0.690586 0.039311 0.049290 1 0.2144 0.229659 0.806085 0.017910 0.044353
CCTV10^20251112-220000-20251112-225959_006486,1 0.5422 0.387129 0.790552 0.024497 0.045259 1 0.4242 0.229630 0.807408 0.017001 0.046363
CCTV10^20251112-220000-20251112-225959_006487,12 0.8277 0.141788 0.827821 0.082479 0.131442 1 0.2779 0.320516 0.728409 0.020349 0.038820 11 0.1800 0.142749 0.822529 0.086694 0.132320 1 0.1589 0.230153 0.807176 0.019363 0.042717
CCTV10^20251112-220000-20251112-225959_006488,5 0.8743 0.487233 0.776546 0.044905 0.079844 1 0.4809 0.159268 0.911774 0.029673 0.061780 1 0.3727 0.237136 0.658542 0.019153 0.035662 1 0.2366 0.230042 0.805543 0.019288 0.045603
CCTV10^20251112-220000-20251112-225959_006489,3 0.7277 0.439808 0.649087 0.029749 0.053474 5 0.3093 0.438661 0.652451 0.033455 0.058643 7 0.3055 0.148087 0.676843 0.076551 0.120392 1 0.2922 0.101511 0.745607 0.029745 0.068305 1 0.1277 0.229618 0.806478 0.018387 0.042079
CCTV10^20251112-220000-20251112-225959_006490,5 0.3968 0.418260 0.596205 0.022559 0.037895 1 0.3238 0.229708 0.805043 0.020291 0.045401 2 0.1190 0.696225 0.567713 0.016543 0.031180
CCTV10^20251112-220000-20251112-225959_006491,10 0.8474 0.399419 0.757225 0.106316 0.169276 1 0.1370 0.229618 0.805612 0.020463 0.043978
CCTV10^20251112-220000-20251112-225959_006492,1 0.2316 0.127297 0.714049 0.018707 0.056637 1 0.1715 0.229924 0.804937 0.019498 0.042577 10 0.1096 0.331520 0.610253 0.103971 0.208445
CCTV10^20251112-220000-20251112-225959_006493,1 0.3645 0.230083 0.805953 0.019769 0.047063
CCTV10^20251112-220000-20251112-225959_006494,1 0.4125 0.229683 0.805969 0.019116 0.045338 1 0.2834 0.242578 0.934544 0.034945 0.087395
CCTV10^20251112-220000-20251112-225959_006495,1 0.1949 0.229784 0.806889 0.018320 0.047018
CCTV10^20251112-220000-20251112-225959_006496,12 0.8792 0.198853 0.897523 0.118969 0.190204 5 0.7794 0.466194 0.807052 0.066868 0.079045
CCTV10^20251112-220000-20251112-225959_006497,1 0.2542 0.229659 0.806636 0.017992 0.047758 4 0.2233 0.390797 0.661088 0.043531 0.051453 0 0.1470 0.229622 0.806659 0.017453 0.048974
CCTV10^20251112-220000-20251112-225959_006498,5 0.8438 0.530954 0.775343 0.047656 0.062207 12 0.8041 0.161541 0.872985 0.082406 0.155652 0 0.2969 0.270431 0.812338 0.032240 0.053447 1 0.2727 0.229142 0.804415 0.018154 0.043778 12 0.1529 0.882685 0.688769 0.091396 0.118392 7 0.1371 0.162758 0.875507 0.091883 0.154933
CCTV10^20251112-220000-20251112-225959_006499,5 0.8177 0.456011 0.661820 0.037920 0.048181 3 0.6952 0.456711 0.660338 0.038032 0.049621 9 0.6011 0.192609 0.923038 0.105067 0.153924 9 0.5669 0.117520 0.710096 0.047913 0.085137 0 0.4717 0.242791 0.802879 0.047154 0.053638 0 0.3654 0.229473 0.805696 0.017786 0.042138 11 0.1336 0.196721 0.919047 0.120008 0.153112 1 0.1129 0.104735 0.915614 0.024896 0.049557 5 0.1129 0.346695 0.612824 0.012288 0.027512
CCTV10^20251112-220000-20251112-225959_006500,1 0.3818 0.141603 0.882151 0.030358 0.051718 11 0.2378 0.106883 0.731807 0.061933 0.132273 12 0.1206 0.107151 0.729983 0.065673 0.145066
CCTV10^20251112-220000-20251112-225959_006501,1 0.5549 0.095453 0.738697 0.023140 0.044950 1 0.5142 0.363976 0.840542 0.024486 0.044008 1 0.4264 0.106806 0.816076 0.019422 0.055950 11 0.3057 0.574958 0.603972 0.036981 0.063387 4 0.1681 0.574887 0.601704 0.043501 0.061240
CCTV10^20251112-220000-20251112-225959_006502,1 0.7184 0.467470 0.747717 0.024501 0.039520 9 0.1828 0.628206 0.652168 0.059861 0.082539 1 0.1221 0.110895 0.703186 0.015638 0.039516 12 0.1092 0.880759 0.689410 0.095996 0.126813
CCTV10^20251112-220000-20251112-225959_006503,1 0.3016 0.553429 0.678478 0.026233 0.042108 1 0.1712 0.252472 0.803336 0.026084 0.049794 5 0.1125 0.346679 0.613022 0.012742 0.027523
CCTV10^20251112-220000-20251112-225959_006504,1 0.4191 0.627537 0.697299 0.020914 0.041125 1 0.1344 0.252534 0.802923 0.025806 0.051054 5 0.1241 0.346100 0.612798 0.013415 0.027759
CCTV10^20251112-220000-20251112-225959_006505,1 0.3284 0.229077 0.806705 0.019319 0.044968 1 0.1309 0.253327 0.804495 0.024188 0.048803 5 0.1221 0.346753 0.613438 0.011667 0.027637
CCTV10^20251112-220000-20251112-225959_006506,12 0.3181 0.886110 0.687863 0.078759 0.113610 0 0.2705 0.714974 0.643897 0.059651 0.118900 12 0.1604 0.606409 0.614824 0.062523 0.094463 5 0.1596 0.346632 0.612978 0.012033 0.027488
CCTV10^20251112-220000-20251112-225959_006507,12 0.1149 0.868813 0.684631 0.118147 0.128883
CCTV10^20251112-220000-20251112-225959_006508,1 0.3408 0.229308 0.805667 0.019250 0.044561 1 0.1065 0.251559 0.802065 0.022432 0.041913
CCTV10^20251112-220000-20251112-225959_006509,5 0.7530 0.423868 0.686608 0.038846 0.047955 2 0.6923 0.115047 0.743922 0.033629 0.056600 3 0.3196 0.423604 0.684085 0.041030 0.053682 5 0.2648 0.345909 0.611044 0.014165 0.031058 1 0.2593 0.990199 0.751877 0.019553 0.047611 1 0.2277 0.229640 0.806158 0.019057 0.044202
CCTV10^20251112-220000-20251112-225959_006510,12 0.4164 0.148036 0.915811 0.045744 0.085968 1 0.1238 0.229958 0.806810 0.020788 0.045874 12 0.1060 0.681254 0.693124 0.061966 0.111469
CCTV10^20251112-220000-20251112-225959_006511,3 0.6344 0.137509 0.868871 0.047179 0.076540 7 0.1577 0.086092 0.751490 0.027207 0.061489 11 0.1312 0.086396 0.748681 0.025805 0.065873
CCTV10^20251112-220000-20251112-225959_006512,12 0.3422 0.613144 0.606059 0.048192 0.080742 1 0.2266 0.125452 0.819572 0.021624 0.052415 0 0.1091 0.242128 0.800078 0.046812 0.058050 2 0.1085 0.115919 0.796483 0.045511 0.100346 1 0.1039 0.106236 0.917133 0.023678 0.047687
CCTV10^20251112-220000-20251112-225959_006513,12 0.7472 0.677999 0.669203 0.067543 0.099701 1 0.5926 0.227559 0.800492 0.018741 0.050741 5 0.1426 0.346818 0.613141 0.011551 0.027539
CCTV10^20251112-220000-20251112-225959_006514,5 0.1445 0.346770 0.613370 0.011868 0.026883 1 0.1172 0.236912 0.784766 0.027198 0.058890 2 0.1068 0.259772 0.373549 0.014975 0.033960
CCTV10^20251112-220000-20251112-225959_006515,1 0.2018 0.208739 0.708371 0.024281 0.076807
CCTV10^20251112-220000-20251112-225959_006516,5 0.1100 0.346678 0.612903 0.012180 0.027030
CCTV10^20251112-220000-20251112-225959_006517,11 0.6428 0.590336 0.616263 0.053861 0.092034
CCTV10^20251112-220000-20251112-225959_006518,9 0.5389 0.446787 0.793857 0.097227 0.127795 11 0.4877 0.676579 0.693938 0.083081 0.130728 5 0.1526 0.346507 0.613054 0.012112 0.027921 12 0.1392 0.447741 0.794363 0.098390 0.122656 9 0.1077 0.945766 0.882568 0.108467 0.234863
CCTV10^20251112-220000-20251112-225959_006519,5 0.2681 0.345418 0.613043 0.014094 0.029162
CCTV10^20251112-220000-20251112-225959_006520, 
CCTV10^20251112-220000-20251112-225959_006521,2 0.7615 0.143725 0.901683 0.044624 0.081175
CCTV10^20251112-220000-20251112-225959_006522,2 0.7100 0.096739 0.743641 0.029189 0.058076 12 0.5550 0.884440 0.685037 0.087267 0.118823
CCTV10^20251112-220000-20251112-225959_006523,0 0.6004 0.231088 0.902760 0.032910 0.084228 10 0.2363 0.953855 0.904796 0.092145 0.190409
CCTV10^20251112-220000-20251112-225959_006524,12 0.1916 0.884857 0.688254 0.086159 0.115419 5 0.1311 0.346375 0.612864 0.012814 0.029428 1 0.1026 0.335540 0.853168 0.029631 0.057344
CCTV10^20251112-220000-20251112-225959_006525,1 0.6342 0.235676 0.701233 0.021923 0.045008 5 0.2250 0.346253 0.612310 0.012990 0.028581 12 0.1549 0.884141 0.686824 0.088425 0.111435 9 0.1108 0.707489 0.689524 0.054634 0.100434
CCTV10^20251112-220000-20251112-225959_006526,10 0.1647 0.902105 0.854410 0.195790 0.206532
CCTV10^20251112-220000-20251112-225959_006527,2 0.1089 0.569620 0.440585 0.041376 0.066798
CCTV10^20251112-220000-20251112-225959_006528,5 0.1248 0.346967 0.613102 0.011547 0.027437
CCTV10^20251112-220000-20251112-225959_006529,11 0.2470 0.480762 0.871606 0.109515 0.168472 12 0.2242 0.479095 0.863251 0.107184 0.162263
CCTV10^20251112-220000-20251112-225959_006530,12 0.7535 0.396663 0.760142 0.081297 0.125614 9 0.6963 0.396986 0.760105 0.078737 0.125699 11 0.3369 0.496604 0.762777 0.059051 0.076311 11 0.2806 0.396654 0.760873 0.081137 0.125761 3 0.2161 0.497700 0.766074 0.060660 0.066499 2 0.1628 0.193686 0.857111 0.040549 0.074490 4 0.1302 0.494459 0.763300 0.054521 0.075174
